athlete_id,sport,athletic_year,season,division,gender,conference,school,position_raw,position_group,class_year_raw,class_standing,hometown_raw,hometown_city,hometown_state,origin,high_school,high_school_is_academy,source_url
at_49a7593471d9,acro_tumbling,2025-26,2026,D1,Women,Big 12 Conference,Baylor,Top/Tumbler/Base,Multi,So.,So,"Scottsdale, Ariz.",Scottsdale,AZ,domestic,Desert Mountain HS,0,https://baylorbears.com/sports/acrobatics-tumbling/roster/2026
at_5000b79d780d,acro_tumbling,2025-26,2026,D1,Women,Big 12 Conference,Baylor,Top/Tumbler,Multi,Sr.,Sr,"San Antonio, Texas",San Antonio,TX,domestic,San Antonio Christian,0,https://baylorbears.com/sports/acrobatics-tumbling/roster/2026
at_b61b512b9183,acro_tumbling,2025-26,2026,D1,Women,Big 12 Conference,Baylor,Top,Top,Jr.,Jr,"Concord, N.C.",Concord,NC,domestic,Cox Mill HS,0,https://baylorbears.com/sports/acrobatics-tumbling/roster/2026
at_2586d7f4596c,acro_tumbling,2025-26,2026,D1,Women,Big 12 Conference,Baylor,Top/Tumbler,Multi,So.,So,"Phoenix, Ariz.",Phoenix,AZ,domestic,Desert Vista HS,0,https://baylorbears.com/sports/acrobatics-tumbling/roster/2026
at_0f4b0cc84539,acro_tumbling,2025-26,2026,D1,Women,Big 12 Conference,Baylor,Base/Tumbler,Multi,Jr.,Jr,"Brookefield, Conn.",Brookefield,CT,domestic,Brookfield HS,0,https://baylorbears.com/sports/acrobatics-tumbling/roster/2026
at_09d69c5fcf07,acro_tumbling,2025-26,2026,D1,Women,Big 12 Conference,Baylor,Tumbler,Tumbler,So.,So,"Leander, Texas",Leander,TX,domestic,Cedar Park HS,0,https://baylorbears.com/sports/acrobatics-tumbling/roster/2026
at_f1f6ce3c9b54,acro_tumbling,2025-26,2026,D1,Women,Big 12 Conference,Baylor,Top/Tumbler,Multi,Jr.,Jr,"East Slip, N.Y.",East Slip,NY,domestic,East Slip HS,0,https://baylorbears.com/sports/acrobatics-tumbling/roster/2026
at_bb144ecba005,acro_tumbling,2025-26,2026,D1,Women,Big 12 Conference,Baylor,Tumbler,Tumbler,So.,So,"Mechanicsburg, Penn.",Mechanicsburg,PA,domestic,Cumberland Valley HS,0,https://baylorbears.com/sports/acrobatics-tumbling/roster/2026
at_f2c56ac6718d,acro_tumbling,2025-26,2026,D1,Women,Big 12 Conference,Baylor,Top/Tumbler,Multi,Jr.,Jr,"Round Rock, Texas",Round Rock,TX,domestic,Stony Point HS,0,https://baylorbears.com/sports/acrobatics-tumbling/roster/2026
at_e464461ad64a,acro_tumbling,2025-26,2026,D1,Women,Big 12 Conference,Baylor,Base/Tumbler,Multi,Jr.,Jr,"Holbrook, Mass.",Holbrook,MA,domestic,South Shore Christian,0,https://baylorbears.com/sports/acrobatics-tumbling/roster/2026
at_565210a599d6,acro_tumbling,2025-26,2026,D1,Women,Big 12 Conference,Baylor,Top,Top,So.,So,"San Antonio, Texas",San Antonio,TX,domestic,Texas Connections Academy,1,https://baylorbears.com/sports/acrobatics-tumbling/roster/2026
at_3842e3826b81,acro_tumbling,2025-26,2026,D1,Women,Big 12 Conference,Baylor,Top,Top,Jr.,Jr,"Toms River, N.J.",Toms River,NJ,domestic,Toms River HS East,0,https://baylorbears.com/sports/acrobatics-tumbling/roster/2026
at_018a64d05bf8,acro_tumbling,2025-26,2026,D1,Women,Big 12 Conference,Baylor,Tumbler,Tumbler,So.,So,"Trophy Club, Texas",Trophy Club,TX,domestic,Byron Nelson HS,0,https://baylorbears.com/sports/acrobatics-tumbling/roster/2026
at_f567e1e5eb10,acro_tumbling,2025-26,2026,D1,Women,Big 12 Conference,Baylor,Top/Tumbler,Multi,Fr.,Fr,"Bayport, NY",Bayport,NY,domestic,,0,https://baylorbears.com/sports/acrobatics-tumbling/roster/2026
at_c34238fc18cf,acro_tumbling,2025-26,2026,D1,Women,Big 12 Conference,Baylor,Base,Base,Sr.,Sr,"Fort Worth, Texas",Fort Worth,TX,domestic,Haltom City HS,0,https://baylorbears.com/sports/acrobatics-tumbling/roster/2026
at_3f4416f097c4,acro_tumbling,2025-26,2026,D1,Women,Big 12 Conference,Baylor,Top,Top,Jr.,Jr,"San Antonio, Texas",San Antonio,TX,domestic,Reagan HS,0,https://baylorbears.com/sports/acrobatics-tumbling/roster/2026
at_b1c3e853ed26,acro_tumbling,2025-26,2026,D1,Women,Big 12 Conference,Baylor,Base/Tumbler,Multi,So.,So,"Houston, Texas",Houston,TX,domestic,Klein Oak HS,0,https://baylorbears.com/sports/acrobatics-tumbling/roster/2026
at_2daaf31c72c6,acro_tumbling,2025-26,2026,D1,Women,Big 12 Conference,Baylor,Base,Base,So.,So,"Folsom, Calif.",Folsom,CA,domestic,Visions HS,0,https://baylorbears.com/sports/acrobatics-tumbling/roster/2026
at_690589f6a56f,acro_tumbling,2025-26,2026,D1,Women,Big 12 Conference,Baylor,Top/Tumbler,Multi,Fr.,Fr,"Richardson, TX",Richardson,TX,domestic,JJ Pearce HS,0,https://baylorbears.com/sports/acrobatics-tumbling/roster/2026
at_137cc24275de,acro_tumbling,2025-26,2026,D1,Women,Big 12 Conference,Baylor,Top/Tumbler,Multi,Sr.,Sr,"Moosic, Pa.",Moosic,PA,domestic,Riverside JR/SR HS,0,https://baylorbears.com/sports/acrobatics-tumbling/roster/2026
at_95aac8fe53d1,acro_tumbling,2025-26,2026,D1,Women,Big 12 Conference,Baylor,Base,Base,Sr.,Sr,"Arnold, Md.",Arnold,MD,domestic,Broadneck HS,0,https://baylorbears.com/sports/acrobatics-tumbling/roster/2026
at_0aba6df04985,acro_tumbling,2025-26,2026,D1,Women,Big 12 Conference,Baylor,Base,Base,Jr.,Jr,"Carmel, Ind.",Carmel,IN,domestic,Carmel HS,0,https://baylorbears.com/sports/acrobatics-tumbling/roster/2026
at_fa898a0e7d2b,acro_tumbling,2025-26,2026,D1,Women,Big 12 Conference,Baylor,Tumbler,Tumbler,Sr.,Sr,"Coppell, Texas",Coppell,TX,domestic,Coppell HS,0,https://baylorbears.com/sports/acrobatics-tumbling/roster/2026
at_6520b8b7b94f,acro_tumbling,2025-26,2026,D1,Women,Big 12 Conference,Baylor,Top/Tumbler,Multi,Fr.,Fr,"Hanover, MD",Hanover,MD,domestic,Westfield HS,0,https://baylorbears.com/sports/acrobatics-tumbling/roster/2026
at_cf71d707d447,acro_tumbling,2025-26,2026,D1,Women,Big 12 Conference,Baylor,Base,Base,So.,So,"Niceville, Fla.",Niceville,FL,domestic,Niceville HS,0,https://baylorbears.com/sports/acrobatics-tumbling/roster/2026
at_07a6de86070b,acro_tumbling,2025-26,2026,D1,Women,Big 12 Conference,Baylor,Top/Tumbler,Multi,So.,So,"Porter Ranch, Calif.",Porter Ranch,CA,domestic,Oak Park HS,0,https://baylorbears.com/sports/acrobatics-tumbling/roster/2026
at_6f23cae8d0ab,acro_tumbling,2025-26,2026,D1,Women,Big 12 Conference,Baylor,Base/Tumbler,Multi,Sr.,Sr,"South Charleston, Ohio",South Charleston,OH,domestic,Wayne HS,0,https://baylorbears.com/sports/acrobatics-tumbling/roster/2026
at_c1e418f323fc,acro_tumbling,2025-26,2026,D1,Women,Big 12 Conference,Baylor,Base,Base,Sr.,Sr,"Harrison City, Penn.",Harrison City,PA,domestic,Penn-Trafford HS,0,https://baylorbears.com/sports/acrobatics-tumbling/roster/2026
at_f7449b9c581d,acro_tumbling,2025-26,2026,D1,Women,Big 12 Conference,Baylor,Top/Tumbler,Multi,Jr.,Jr,"Pittsburgh, Penn.",Pittsburgh,PA,domestic,Montour HS,0,https://baylorbears.com/sports/acrobatics-tumbling/roster/2026
at_06c21f3606dd,acro_tumbling,2025-26,2026,D1,Women,Big 12 Conference,Baylor,Base,Base,Fr.,Fr,"San Antonio, TX",San Antonio,TX,domestic,Johnson HS,0,https://baylorbears.com/sports/acrobatics-tumbling/roster/2026
at_74fb0130225f,acro_tumbling,2025-26,2026,D1,Women,Big 12 Conference,Baylor,Top/Tumbler,Multi,Sr.,Sr,"Crossville, Tenn.",Crossville,TN,domestic,Christian Academy,1,https://baylorbears.com/sports/acrobatics-tumbling/roster/2026
at_e751b8515a1e,acro_tumbling,2025-26,2026,D1,Women,Big 12 Conference,Baylor,Top,Top,So.,So,"Boerne, Texas",Boerne,TX,domestic,Boerne HS,0,https://baylorbears.com/sports/acrobatics-tumbling/roster/2026
at_2bd1eb613c27,acro_tumbling,2025-26,2026,D1,Women,Big 12 Conference,Baylor,Base/Tumbler,Multi,Fr.,Fr,"Conway, AR",Conway,AR,domestic,Conway HS,0,https://baylorbears.com/sports/acrobatics-tumbling/roster/2026
at_442da4e6c61c,acro_tumbling,2025-26,2026,D1,Women,Big 12 Conference,Baylor,Tumbler,Tumbler,Jr.,Jr,"Phoenix, Ariz.",Phoenix,AZ,domestic,Desert Vista HS,0,https://baylorbears.com/sports/acrobatics-tumbling/roster/2026
at_fe22737d5aa8,acro_tumbling,2025-26,2026,D1,Women,Big 12 Conference,Baylor,Top/Tumbler,Multi,Sr.,Sr,"Houston, Texas",Houston,TX,domestic,Episcopal HS,0,https://baylorbears.com/sports/acrobatics-tumbling/roster/2026
at_e5c67f0e065c,acro_tumbling,2025-26,2026,D1,Women,Big 12 Conference,Baylor,Base/Tumbler,Multi,Sr.,Sr,"Lincoln, Neb.",Lincoln,NE,domestic,Lincoln HS,0,https://baylorbears.com/sports/acrobatics-tumbling/roster/2026
at_110ce4b81ece,acro_tumbling,2025-26,2026,D1,Women,Big 12 Conference,Baylor,Base/Tumbler,Multi,So.,So,"Gresham, Ore.",Gresham,OR,domestic,Metro East Web Academy,1,https://baylorbears.com/sports/acrobatics-tumbling/roster/2026
at_9437addffb67,acro_tumbling,2025-26,2026,D1,Women,Big 12 Conference,Baylor,Top,Top,Fr.,Fr,"Boerne, TX",Boerne,TX,domestic,Boerne HS,0,https://baylorbears.com/sports/acrobatics-tumbling/roster/2026
at_33ee7d162900,acro_tumbling,2025-26,2026,D1,Women,Big 12 Conference,Baylor,Base,Base,Sr.,Sr,"Coral Springs, Fla.",Coral Springs,FL,domestic,Marjory Stoneman Douglas HS,0,https://baylorbears.com/sports/acrobatics-tumbling/roster/2026
at_4b0275779afa,acro_tumbling,2025-26,2026,D1,Women,Big 12 Conference,Baylor,Base,Base,R-So.,So,"San Antonio, Texas",San Antonio,TX,domestic,Antonian College Prep,1,https://baylorbears.com/sports/acrobatics-tumbling/roster/2026
at_9698ee8c3646,acro_tumbling,2025-26,2026,D1,Women,Big 12 Conference,Baylor,Base,Base,Jr.,Jr,"Asheville, N.C.",Asheville,NC,domestic,K12 Private Academy,1,https://baylorbears.com/sports/acrobatics-tumbling/roster/2026
at_81f5655c1844,acro_tumbling,2025-26,2026,D1,Women,Big 12 Conference,Baylor,Tumbler,Tumbler,Jr.,Jr,"San Antonio, Texas",San Antonio,TX,domestic,Antonian College Prep,1,https://baylorbears.com/sports/acrobatics-tumbling/roster/2026
at_1ebdc21a5517,acro_tumbling,2025-26,2026,D1,Women,Big 12 Conference,Baylor,Base/Tumbler,Multi,Fr.,Fr,"Hewitt, TX",Hewitt,TX,domestic,Midway HS,0,https://baylorbears.com/sports/acrobatics-tumbling/roster/2026
at_023b23f6e850,acro_tumbling,2025-26,2026,D1,Women,Big 12 Conference,Baylor,Top/Tumbler,Multi,So.,So,"Issaquah, Wash.",Issaquah,WA,domestic,Eastside Catholic,0,https://baylorbears.com/sports/acrobatics-tumbling/roster/2026
at_44aadc16c2cf,acro_tumbling,2025-26,2026,D1,Women,Big 12 Conference,Baylor,Base,Base,Fr.,Fr,"Owensville, MO",Owensville,MO,domestic,,0,https://baylorbears.com/sports/acrobatics-tumbling/roster/2026
at_76f60bd367c8,acro_tumbling,2025-26,2026,D1,Women,Big 12 Conference,Baylor,Base,Base,Fr.,Fr,"Nashville, TN",Nashville,TN,domestic,St. Cecilia Academy,1,https://baylorbears.com/sports/acrobatics-tumbling/roster/2026
at_816c07d1d764,acro_tumbling,2025-26,2026,D1,Women,Big 12 Conference,Baylor,Base,Base,Sr.,Sr,"Allen, Texas",Allen,TX,domestic,Lovejoy HS,0,https://baylorbears.com/sports/acrobatics-tumbling/roster/2026
at_97955aeafda6,acro_tumbling,2025-26,2026,D1,Women,Big 12 Conference,Baylor,Base,Base,Jr.,Jr,"Carmel, Ind.",Carmel,IN,domestic,Carmel HS,0,https://baylorbears.com/sports/acrobatics-tumbling/roster/2026
at_72f178251f72,acro_tumbling,2025-26,2026,D1,Women,Big 12 Conference,Baylor,Base/Tumbler,Multi,Sr.,Sr,"Highland Village, Texas",Highland Village,TX,domestic,Founders,0,https://baylorbears.com/sports/acrobatics-tumbling/roster/2026
at_eddeab3434fd,acro_tumbling,2025-26,2026,D1,Women,Big 12 Conference,Baylor,Base,Base,Sr.,Sr,"Pearland, Texas",Pearland,TX,domestic,Pearland HS,0,https://baylorbears.com/sports/acrobatics-tumbling/roster/2026
at_1f7795f43070,acro_tumbling,2025-26,2026,D1,Women,Altantic 10 Conference,Duquesne,Top/Tumbler Top/Tumb,Multi,So.,So,"State College, PA",State College,PA,domestic,State College Area,0,https://goduquesne.com/sports/acrobatics-and-tumbling/roster/2026
at_6f75a56407ec,acro_tumbling,2025-26,2026,D1,Women,Altantic 10 Conference,Duquesne,Base/Tumbler Base/Tumb,Multi,So.,So,"West Union, WV",West Union,WV,domestic,Doddridge County,0,https://goduquesne.com/sports/acrobatics-and-tumbling/roster/2026
at_701dc4a4fa51,acro_tumbling,2025-26,2026,D1,Women,Altantic 10 Conference,Duquesne,Base/Tumbler Base/Tumb,Multi,So.,So,"North Huntingdon, PA",North Huntingdon,PA,domestic,Norwin,0,https://goduquesne.com/sports/acrobatics-and-tumbling/roster/2026
at_65b9805b34a2,acro_tumbling,2025-26,2026,D1,Women,Altantic 10 Conference,Duquesne,Base/Tumbler Base/Tumb,Multi,So.,So,"Livonia, MI",Livonia,MI,domestic,Stevenson,0,https://goduquesne.com/sports/acrobatics-and-tumbling/roster/2026
at_74bf94a6801b,acro_tumbling,2025-26,2026,D1,Women,Altantic 10 Conference,Duquesne,Top/Tumbler Top/Tumb,Multi,So.,So,"Old Tappan, NJ",Old Tappan,NJ,domestic,Northern Valley Old Tappan,0,https://goduquesne.com/sports/acrobatics-and-tumbling/roster/2026
at_450a9c64914a,acro_tumbling,2025-26,2026,D1,Women,Altantic 10 Conference,Duquesne,Top/Tumbler Top/Tumb,Multi,So.,So,"Mount Airy, MD",Mount Airy,MD,domestic,Linganore,0,https://goduquesne.com/sports/acrobatics-and-tumbling/roster/2026
at_cbdf1dcd2d17,acro_tumbling,2025-26,2026,D1,Women,Altantic 10 Conference,Duquesne,Top/Tumbler Top/Tumb,Multi,So.,So,"Lakeview, NY",Lakeview,NY,domestic,Frontier,0,https://goduquesne.com/sports/acrobatics-and-tumbling/roster/2026
at_e046b3110571,acro_tumbling,2025-26,2026,D1,Women,Altantic 10 Conference,Duquesne,Top/Tumbler Top/Tumb,Multi,So.,So,"Lithia, FL",Lithia,FL,domestic,Newsome,0,https://goduquesne.com/sports/acrobatics-and-tumbling/roster/2026
at_3e4640929a49,acro_tumbling,2025-26,2026,D1,Women,Altantic 10 Conference,Duquesne,Base/Tumbler Base/Tumb,Multi,So.,So,"Fort Collins, CO",Fort Collins,CO,domestic,Fossill Ridge,0,https://goduquesne.com/sports/acrobatics-and-tumbling/roster/2026
at_7849ae73436b,acro_tumbling,2025-26,2026,D1,Women,Altantic 10 Conference,Duquesne,Top/Tumbler Top/Tumb,Multi,So.,So,"Mechanicsville, VA",Mechanicsville,VA,domestic,Hanover,0,https://goduquesne.com/sports/acrobatics-and-tumbling/roster/2026
at_aae79e546400,acro_tumbling,2025-26,2026,D1,Women,Altantic 10 Conference,Duquesne,Base/Tumbler Base/Tumb,Multi,So.,So,"Altoona, PA",Altoona,PA,domestic,Altoona Area,0,https://goduquesne.com/sports/acrobatics-and-tumbling/roster/2026
at_80dffd22db97,acro_tumbling,2025-26,2026,D1,Women,Altantic 10 Conference,Duquesne,Top/Tumbler Top/Tumb,Multi,So.,So,"Freeport, PA",Freeport,PA,domestic,Freeport Senior,0,https://goduquesne.com/sports/acrobatics-and-tumbling/roster/2026
at_2872337d4e35,acro_tumbling,2025-26,2026,D1,Women,Altantic 10 Conference,Duquesne,Base/Tumbler Base/Tumb,Multi,So.,So,"Mohnton, PA",Mohnton,PA,domestic,Governor Mifflin Senior,0,https://goduquesne.com/sports/acrobatics-and-tumbling/roster/2026
at_ba796324bb94,acro_tumbling,2025-26,2026,D1,Women,Altantic 10 Conference,Duquesne,Base/Tumbler Base/Tumb,Multi,So.,So,"Chesapeake, VA",Chesapeake,VA,domestic,Oscar Smith,0,https://goduquesne.com/sports/acrobatics-and-tumbling/roster/2026
at_726fbf3d06dd,acro_tumbling,2025-26,2026,D1,Women,Altantic 10 Conference,Duquesne,Top/Tumbler Top/Tumb,Multi,So.,So,"San Diego, CA",San Diego,CA,domestic,Del Norte,0,https://goduquesne.com/sports/acrobatics-and-tumbling/roster/2026
at_3a0d4ff16354,acro_tumbling,2025-26,2026,D1,Women,Altantic 10 Conference,Duquesne,Base/Tumbler Base/Tumb,Multi,So.,So,"Allentown, PA",Allentown,PA,domestic,Parkland,0,https://goduquesne.com/sports/acrobatics-and-tumbling/roster/2026
at_0e95552c9f85,acro_tumbling,2025-26,2026,D1,Women,Altantic 10 Conference,Duquesne,Base/Tumbler Base/Tumb,Multi,So.,So,"Bolton, MA",Bolton,MA,domestic,Nashoba Regional,0,https://goduquesne.com/sports/acrobatics-and-tumbling/roster/2026
at_dba0fa858b3b,acro_tumbling,2025-26,2026,D1,Women,Altantic 10 Conference,Duquesne,Base Base,Base,So.,So,"Rockaway, NJ",Rockaway,NJ,domestic,Morris Catholic,0,https://goduquesne.com/sports/acrobatics-and-tumbling/roster/2026
at_9e86c973837e,acro_tumbling,2025-26,2026,D1,Women,Altantic 10 Conference,Duquesne,Base/Tumbler Base/Tumb,Multi,Fr.,Fr,"Greensburg, PA",Greensburg,PA,domestic,Hempfield,0,https://goduquesne.com/sports/acrobatics-and-tumbling/roster/2026
at_4109ac09afc2,acro_tumbling,2025-26,2026,D1,Women,Altantic 10 Conference,Duquesne,Base/Tumbler Base/Tumb,Multi,So.,So,"San Antonio, TX",San Antonio,TX,domestic,Johnson,0,https://goduquesne.com/sports/acrobatics-and-tumbling/roster/2026
at_80b1e9317996,acro_tumbling,2025-26,2026,D1,Women,Altantic 10 Conference,Duquesne,Base/Tumbler Base/Tumb,Multi,So.,So,"Mukilteo, WA",Mukilteo,WA,domestic,Kamiak,0,https://goduquesne.com/sports/acrobatics-and-tumbling/roster/2026
at_0da03883c2eb,acro_tumbling,2025-26,2026,D1,Women,Altantic 10 Conference,Duquesne,Base/Tumbler Base/Tumb,Multi,So.,So,"Schwenksville, PA",Schwenksville,PA,domestic,Pope John Paul II,0,https://goduquesne.com/sports/acrobatics-and-tumbling/roster/2026
at_66e9e09219c3,acro_tumbling,2025-26,2026,D1,Women,Altantic 10 Conference,Duquesne,Base/Tumbler Base/Tumb,Multi,So.,So,"Doylestown, PA",Doylestown,PA,domestic,Central Bucks East,0,https://goduquesne.com/sports/acrobatics-and-tumbling/roster/2026
at_e1f3c279e978,acro_tumbling,2025-26,2026,D1,Women,Altantic 10 Conference,Duquesne,Base/Tumbler Base/Tumb,Multi,So.,So,"Mount Airy, MD",Mount Airy,MD,domestic,Glenelg,0,https://goduquesne.com/sports/acrobatics-and-tumbling/roster/2026
at_9e9ba6db9982,acro_tumbling,2025-26,2026,D1,Women,Altantic 10 Conference,Duquesne,Base/Tumbler Base/Tumb,Multi,So.,So,"Fredericksburg, VA",Fredericksburg,VA,domestic,Mountain View,0,https://goduquesne.com/sports/acrobatics-and-tumbling/roster/2026
at_3fd18077bd94,acro_tumbling,2025-26,2026,D1,Women,Altantic 10 Conference,Duquesne,Top/Tumbler Top/Tumb,Multi,Fr.,Fr,"Walkersville, MD",Walkersville,MD,domestic,Walkersville,0,https://goduquesne.com/sports/acrobatics-and-tumbling/roster/2026
at_87fa9b042a75,acro_tumbling,2025-26,2026,D1,Women,Altantic 10 Conference,Duquesne,Base/Tumbler Base/Tumb,Multi,So.,So,"Churchville, PA",Churchville,PA,domestic,Council Rock South,0,https://goduquesne.com/sports/acrobatics-and-tumbling/roster/2026
at_192237598399,acro_tumbling,2025-26,2026,D1,Women,Altantic 10 Conference,Duquesne,Base Base,Base,So.,So,"Pittsburgh, PA",Pittsburgh,PA,domestic,Seneca Valley,0,https://goduquesne.com/sports/acrobatics-and-tumbling/roster/2026
at_8d401b2e8aea,acro_tumbling,2025-26,2026,D1,Women,Altantic 10 Conference,Duquesne,Top/Tumbler Top/Tumb,Multi,So.,So,"Baltimore, MD",Baltimore,MD,domestic,Towson,0,https://goduquesne.com/sports/acrobatics-and-tumbling/roster/2026
at_df3084f51c85,acro_tumbling,2025-26,2026,D1,Women,Altantic 10 Conference,Duquesne,Top/Base Top/Base,Multi,So.,So,"Kernersville, NC",Kernersville,NC,domestic,Middle College of Forsyth,0,https://goduquesne.com/sports/acrobatics-and-tumbling/roster/2026
at_d9fb49cab84a,acro_tumbling,2025-26,2026,D1,Women,Altantic 10 Conference,Duquesne,Base Base,Base,Gr.,Gr,"Leechburg, PA",Leechburg,PA,domestic,Leechburg Area (Glenville State),0,https://goduquesne.com/sports/acrobatics-and-tumbling/roster/2026
at_515517427a66,acro_tumbling,2025-26,2026,D1,Women,Altantic 10 Conference,Duquesne,Base Base,Base,Jr.,Jr,"Roseville, CA",Roseville,CA,domestic,Woodcreek (Iona),0,https://goduquesne.com/sports/acrobatics-and-tumbling/roster/2026
at_03083ec8af2c,acro_tumbling,2025-26,2026,D1,Women,Altantic 10 Conference,Duquesne,Base/Tumbler Base/Tumb,Multi,Fr.,Fr,"Springfield, PA",Springfield,PA,domestic,Springfield,0,https://goduquesne.com/sports/acrobatics-and-tumbling/roster/2026
at_4922f39b053a,acro_tumbling,2025-26,2026,D1,Women,Altantic 10 Conference,Duquesne,Base/Tumbler Base/Tumb,Multi,Fr.,Fr,"Mars, PA",Mars,PA,domestic,Mars Area,0,https://goduquesne.com/sports/acrobatics-and-tumbling/roster/2026
at_55fe4b6a4835,acro_tumbling,2025-26,2026,D1,Women,Altantic 10 Conference,Duquesne,Base/Tumbler Base/Tumb,Multi,Fr.,Fr,"Collegeville, PA",Collegeville,PA,domestic,Perkiomen Valley,0,https://goduquesne.com/sports/acrobatics-and-tumbling/roster/2026
at_bb7fe9163951,acro_tumbling,2025-26,2026,D1,Women,Altantic 10 Conference,Duquesne,Base/Tumbler Base/Tumb,Multi,Fr.,Fr,"Marlton, NJ",Marlton,NJ,domestic,Cherokee,0,https://goduquesne.com/sports/acrobatics-and-tumbling/roster/2026
at_c211d8a87e03,acro_tumbling,2025-26,2026,D1,Women,Altantic 10 Conference,Duquesne,Top/Tumbler Top/Tumb,Multi,Fr.,Fr,"Wall, NJ",Wall,NJ,domestic,Wall,0,https://goduquesne.com/sports/acrobatics-and-tumbling/roster/2026
at_7da3287dae65,acro_tumbling,2025-26,2026,D1,Women,Metro Atlantic Athletic Conference,Iona,Top Top,Top,So.,So,"Valley Stream, NY",Valley Stream,NY,domestic,Valley Stream North,0,https://ionagaels.com/sports/acrobatics-tumbling/roster/2026
at_cd22bca508c4,acro_tumbling,2025-26,2026,D1,Women,Metro Atlantic Athletic Conference,Iona,Tumbler Tumbler,Tumbler,So.,So,"Nanaimo, British Columbia",Nanaimo,,international,Dover Bay,0,https://ionagaels.com/sports/acrobatics-tumbling/roster/2026
at_f31643cc07a6,acro_tumbling,2025-26,2026,D1,Women,Metro Atlantic Athletic Conference,Iona,Top Top,Top,Jr.,Jr,"Princeton, NJ",Princeton,NJ,domestic,Robbinsville,0,https://ionagaels.com/sports/acrobatics-tumbling/roster/2026
at_8f05de1d9c05,acro_tumbling,2025-26,2026,D1,Women,Metro Atlantic Athletic Conference,Iona,"Top, Tumbler Top, Tumbler",Multi,Fr.,Fr,"Montgomery, TX",Montgomery,TX,domestic,Lake Creek,0,https://ionagaels.com/sports/acrobatics-tumbling/roster/2026
at_6eb78b8c2be0,acro_tumbling,2025-26,2026,D1,Women,Metro Atlantic Athletic Conference,Iona,Top Top,Top,Jr.,Jr,"Milton, NY",Milton,NY,domestic,Marlboro,0,https://ionagaels.com/sports/acrobatics-tumbling/roster/2026
at_c4a92bc8272e,acro_tumbling,2025-26,2026,D1,Women,Metro Atlantic Athletic Conference,Iona,"Top, Tumbler Top, Tumbler",Multi,Jr.,Jr,"Long Island, NY",Long Island,NY,domestic,Hicksville,0,https://ionagaels.com/sports/acrobatics-tumbling/roster/2026
at_077219c797d4,acro_tumbling,2025-26,2026,D1,Women,Metro Atlantic Athletic Conference,Iona,"Top, Tumbler Top, Tumbler",Multi,Fr.,Fr,"Glendale, NY",Glendale,NY,domestic,Queens Metropolitan,0,https://ionagaels.com/sports/acrobatics-tumbling/roster/2026
at_566b66bec2e6,acro_tumbling,2025-26,2026,D1,Women,Metro Atlantic Athletic Conference,Iona,"Top, Tumbler Top, Tumbler",Multi,Jr.,Jr,"Rockaway, NJ",Rockaway,NJ,domestic,Morris Knolls,0,https://ionagaels.com/sports/acrobatics-tumbling/roster/2026
at_4b5a5da37c8a,acro_tumbling,2025-26,2026,D1,Women,Metro Atlantic Athletic Conference,Iona,"Base, Tumbler Base, Tumbler",Multi,Jr.,Jr,"Washington Township, NJ",Washington Township,NJ,domestic,Westwood,0,https://ionagaels.com/sports/acrobatics-tumbling/roster/2026
at_c3080ffafb0d,acro_tumbling,2025-26,2026,D1,Women,Metro Atlantic Athletic Conference,Iona,,UNK,,UNK,,,,unknown,,0,https://ionagaels.com/sports/acrobatics-tumbling/roster/2026
at_a042741da0e1,acro_tumbling,2025-26,2026,D1,Women,Metro Atlantic Athletic Conference,Iona,Top Top,Top,Jr.,Jr,"West Babylon, NY",West Babylon,NY,domestic,North Babylon,0,https://ionagaels.com/sports/acrobatics-tumbling/roster/2026
at_4642a6543a56,acro_tumbling,2025-26,2026,D1,Women,Metro Atlantic Athletic Conference,Iona,"Top/Base, Tumbler Top/Base, Tumbler",Multi,R-Sr.,Sr,"Sayreville, NJ",Sayreville,NJ,domestic,St. Thomas Aquinas,0,https://ionagaels.com/sports/acrobatics-tumbling/roster/2026
at_dcf715d575ce,acro_tumbling,2025-26,2026,D1,Women,Metro Atlantic Athletic Conference,Iona,"Base, Tumbler Base, Tumbler",Multi,Jr.,Jr,"New Hampton, NY",New Hampton,NY,domestic,Minisink Valley,0,https://ionagaels.com/sports/acrobatics-tumbling/roster/2026
at_afbbdefd35f2,acro_tumbling,2025-26,2026,D1,Women,Metro Atlantic Athletic Conference,Iona,Base Base,Base,Fr.,Fr,"St. James, NY",St. James,NY,domestic,Smithtown East,0,https://ionagaels.com/sports/acrobatics-tumbling/roster/2026
at_5df37c0ca33c,acro_tumbling,2025-26,2026,D1,Women,Metro Atlantic Athletic Conference,Iona,Top Top,Top,So.,So,"West Chester, PA",West Chester,PA,domestic,PA Leadership Charter School,0,https://ionagaels.com/sports/acrobatics-tumbling/roster/2026
at_09bbe2d1720b,acro_tumbling,2025-26,2026,D1,Women,Metro Atlantic Athletic Conference,Iona,"Top, Tumbler Top, Tumbler",Multi,Sr.,Sr,"Bristow, VA",Bristow,VA,domestic,Patriot,0,https://ionagaels.com/sports/acrobatics-tumbling/roster/2026
at_57c06c06da15,acro_tumbling,2025-26,2026,D1,Women,Metro Atlantic Athletic Conference,Iona,Base Base,Base,Fr.,Fr,"Ipswich, MA",Ipswich,MA,domestic,Ipswich,0,https://ionagaels.com/sports/acrobatics-tumbling/roster/2026
at_dbf80e3b83a2,acro_tumbling,2025-26,2026,D1,Women,Metro Atlantic Athletic Conference,Iona,Tumbler Tumbler,Tumbler,Fr.,Fr,"New York, NY",New York,NY,domestic,Talent Unlimited,0,https://ionagaels.com/sports/acrobatics-tumbling/roster/2026
at_843c1a4bd222,acro_tumbling,2025-26,2026,D1,Women,Metro Atlantic Athletic Conference,Iona,Base Base,Base,Gr.,Gr,"Peletier, NC",Peletier,NC,domestic,Battlefield,0,https://ionagaels.com/sports/acrobatics-tumbling/roster/2026
at_912f886b290d,acro_tumbling,2025-26,2026,D1,Women,Metro Atlantic Athletic Conference,Iona,Tumbler Tumbler,Tumbler,So.,So,"Newtown, PA",Newtown,PA,domestic,Nazareth Academy,1,https://ionagaels.com/sports/acrobatics-tumbling/roster/2026
at_5fa3e0182fcd,acro_tumbling,2025-26,2026,D1,Women,Metro Atlantic Athletic Conference,Iona,"Top/Base, Tumbler Top/Base, Tumbler",Multi,R-Jr.,Jr,"Lodi, CA",Lodi,CA,domestic,Jim Elliot Christian,0,https://ionagaels.com/sports/acrobatics-tumbling/roster/2026
at_91cc4e825177,acro_tumbling,2025-26,2026,D1,Women,Metro Atlantic Athletic Conference,Iona,Base Base,Base,Jr.,Jr,"North Haven, CT",North Haven,CT,domestic,North Haven,0,https://ionagaels.com/sports/acrobatics-tumbling/roster/2026
at_35249812ea29,acro_tumbling,2025-26,2026,D1,Women,Metro Atlantic Athletic Conference,Iona,"Base, Tumbler Base, Tumbler",Multi,So.,So,"Fairfax, VA",Fairfax,VA,domestic,Fairfax,0,https://ionagaels.com/sports/acrobatics-tumbling/roster/2026
at_8ea39f114fd2,acro_tumbling,2025-26,2026,D1,Women,Metro Atlantic Athletic Conference,Iona,"Base, Tumbler Base, Tumbler",Multi,So.,So,"Brighton Township, MI",Brighton Township,MI,domestic,St. Catherine of Siena,0,https://ionagaels.com/sports/acrobatics-tumbling/roster/2026
at_1ec8a1f2d81a,acro_tumbling,2025-26,2026,D1,Women,Metro Atlantic Athletic Conference,Iona,"Base, Tumbler Base, Tumbler",Multi,Fr.,Fr,"Las Vegas, NV",Las Vegas,NV,domestic,Bishop Gorman,0,https://ionagaels.com/sports/acrobatics-tumbling/roster/2026
at_45a5fbb2c584,acro_tumbling,2025-26,2026,D1,Women,Metro Atlantic Athletic Conference,Iona,Base Base,Base,So.,So,"Wheatley Heights, NY",Wheatley Heights,NY,domestic,Half Hollow Hills East,0,https://ionagaels.com/sports/acrobatics-tumbling/roster/2026
at_50e78d97b933,acro_tumbling,2025-26,2026,D1,Women,Metro Atlantic Athletic Conference,Iona,"Base, Tumbler Base, Tumbler",Multi,So.,So,"New Orleans, LA",New Orleans,LA,domestic,Benjamin Franklin,0,https://ionagaels.com/sports/acrobatics-tumbling/roster/2026
at_4ae7fd720bb4,acro_tumbling,2025-26,2026,D1,Women,Metro Atlantic Athletic Conference,Iona,"Base, Tumbler Base, Tumbler",Multi,So.,So,"Wildomar, CA",Wildomar,CA,domestic,Elsinore,0,https://ionagaels.com/sports/acrobatics-tumbling/roster/2026
at_01379fe705ff,acro_tumbling,2025-26,2026,D1,Women,Metro Atlantic Athletic Conference,Iona,"Base, Tumbler Base, Tumbler",Multi,Gr.,Gr,"St. Charles, MO",St. Charles,MO,domestic,Ft. Zumwalt South,0,https://ionagaels.com/sports/acrobatics-tumbling/roster/2026
at_f76a5dda791d,acro_tumbling,2025-26,2026,D1,Women,Metro Atlantic Athletic Conference,Iona,"Base, Tumbler Base, Tumbler",Multi,Jr.,Jr,"Richmond Hill, Ontario",Richmond Hill,,international,Thornlea Secondary,0,https://ionagaels.com/sports/acrobatics-tumbling/roster/2026
at_973e1b680086,acro_tumbling,2025-26,2026,D1,Women,Metro Atlantic Athletic Conference,Iona,"Base, Tumbler Base, Tumbler",Multi,R-So.,So,"Winston-Salem, NC",Winston-Salem,NC,domestic,Reagan,0,https://ionagaels.com/sports/acrobatics-tumbling/roster/2026
at_aec7642f6aee,acro_tumbling,2025-26,2026,D1,Women,Metro Atlantic Athletic Conference,Iona,Base Base,Base,So.,So,"Cornwall, NY",Cornwall,NY,domestic,Cornwall,0,https://ionagaels.com/sports/acrobatics-tumbling/roster/2026
at_67f097df83b0,acro_tumbling,2025-26,2026,D1,Women,Metro Atlantic Athletic Conference,Iona,Base Base,Base,Fr.,Fr,"Breinigsville, PA",Breinigsville,PA,domestic,Parkland,0,https://ionagaels.com/sports/acrobatics-tumbling/roster/2026
at_7f36f399365c,acro_tumbling,2025-26,2026,D1,Women,Metro Atlantic Athletic Conference,Iona,Base Base,Base,So.,So,"New Fairfield, CT",New Fairfield,CT,domestic,Danbury,0,https://ionagaels.com/sports/acrobatics-tumbling/roster/2026
at_026450d9a6c4,acro_tumbling,2025-26,2026,D1,Women,Metro Atlantic Athletic Conference,Iona,"Base, Tumbler Base, Tumbler",Multi,So.,So,"Baltimore, MD",Baltimore,MD,domestic,Towson,0,https://ionagaels.com/sports/acrobatics-tumbling/roster/2026
at_ebc75c5a37a0,acro_tumbling,2025-26,2026,D1,Women,Metro Atlantic Athletic Conference,Iona,"Base, Tumbler Base, Tumbler",Multi,Fr.,Fr,"Decatur, GA",Decatur,GA,domestic,Arabia Mountain,0,https://ionagaels.com/sports/acrobatics-tumbling/roster/2026
at_596ddfa5cb63,acro_tumbling,2025-26,2026,D1,Women,Metro Atlantic Athletic Conference,Iona,"Base, Tumbler Base, Tumbler",Multi,Gr.,Gr,"Longmont, CO",Longmont,CO,domestic,Silver Creek,0,https://ionagaels.com/sports/acrobatics-tumbling/roster/2026
at_1f31addbe3fc,acro_tumbling,2025-26,2026,D1,Women,Metro Atlantic Athletic Conference,Iona,Base Base,Base,Gr.,Gr,"Indianapolis, IN",Indianapolis,IN,domestic,Shortridge,0,https://ionagaels.com/sports/acrobatics-tumbling/roster/2026
at_ead1139cacd3,acro_tumbling,2025-26,2026,D1,Women,Metro Atlantic Athletic Conference,Iona,Base Base,Base,Jr.,Jr,"Fairfax, VA",Fairfax,VA,domestic,Chantilly,0,https://ionagaels.com/sports/acrobatics-tumbling/roster/2026
at_f8d1283ff8c4,acro_tumbling,2025-26,2026,D1,Women,Metro Atlantic Athletic Conference,Iona,"Base, Tumbler Base, Tumbler",Multi,Fr.,Fr,"Lititz, PA",Lititz,PA,domestic,Stone Independent School,0,https://ionagaels.com/sports/acrobatics-tumbling/roster/2026
at_db39eb8cd0a5,acro_tumbling,2025-26,2026,D1,Women,Missouri Valley Conference,Missouri St.,,UNK,So.,So,"Sao Paulo, Brazil",Sao Paulo,,international,Collegio Progresso/Felician,0,https://missouristatebears.com/sports/acrobatics-tumbling/roster/2026
at_f16ec1e5eb1a,acro_tumbling,2025-26,2026,D1,Women,Missouri Valley Conference,Missouri St.,,UNK,Jr.,Jr,"Lodi, Calif.",Lodi,CA,domestic,Saint Mary's High,0,https://missouristatebears.com/sports/acrobatics-tumbling/roster/2026
at_7da60bfc3753,acro_tumbling,2025-26,2026,D1,Women,Missouri Valley Conference,Missouri St.,,UNK,So.,So,"Mount Airy, N.C.",Mount Airy,NC,domestic,Mount Airy High,0,https://missouristatebears.com/sports/acrobatics-tumbling/roster/2026
at_8a4e8a40746b,acro_tumbling,2025-26,2026,D1,Women,Missouri Valley Conference,Missouri St.,,UNK,Fr.,Fr,"Blanchard, Okla.",Blanchard,OK,domestic,Washington High,0,https://missouristatebears.com/sports/acrobatics-tumbling/roster/2026
at_5ed32078fd6c,acro_tumbling,2025-26,2026,D1,Women,Missouri Valley Conference,Missouri St.,,UNK,So.,So,"Indianapolis, Ind.",Indianapolis,IN,domestic,Franklin Central High,0,https://missouristatebears.com/sports/acrobatics-tumbling/roster/2026
at_949eef6638ac,acro_tumbling,2025-26,2026,D1,Women,Missouri Valley Conference,Missouri St.,,UNK,Fr.,Fr,"Lake in the Hills, Ill.",Lake in the Hills,IL,domestic,Huntley High,0,https://missouristatebears.com/sports/acrobatics-tumbling/roster/2026
at_1d2b510d6f9c,acro_tumbling,2025-26,2026,D1,Women,Missouri Valley Conference,Missouri St.,,UNK,Fr.,Fr,"Hanover Park, Ill.",Hanover Park,IL,domestic,Schaumburg High,0,https://missouristatebears.com/sports/acrobatics-tumbling/roster/2026
at_98f01e8621f9,acro_tumbling,2025-26,2026,D1,Women,Missouri Valley Conference,Missouri St.,,UNK,Jr.,Jr,"Columbia, Mo.",Columbia,MO,domestic,Battle High,0,https://missouristatebears.com/sports/acrobatics-tumbling/roster/2026
at_80fdaabee3be,acro_tumbling,2025-26,2026,D1,Women,Missouri Valley Conference,Missouri St.,,UNK,Fr.,Fr,"Elgin, Ill.",Elgin,IL,domestic,Central High,0,https://missouristatebears.com/sports/acrobatics-tumbling/roster/2026
at_a986292a911f,acro_tumbling,2025-26,2026,D1,Women,Missouri Valley Conference,Missouri St.,,UNK,Fr.,Fr,"Overland Park, Kan.",Overland Park,KS,domestic,Blue Valley North High,0,https://missouristatebears.com/sports/acrobatics-tumbling/roster/2026
at_3b2bf8c97049,acro_tumbling,2025-26,2026,D1,Women,Missouri Valley Conference,Missouri St.,,UNK,Jr.,Jr,"Lee's Summit, Mo.",Lee's Summit,MO,domestic,Lee's Summit High,0,https://missouristatebears.com/sports/acrobatics-tumbling/roster/2026
at_6c5e51bd34fe,acro_tumbling,2025-26,2026,D1,Women,Missouri Valley Conference,Missouri St.,,UNK,Fr.,Fr,"Franklin, Tenn.",Franklin,TN,domestic,Independence High,0,https://missouristatebears.com/sports/acrobatics-tumbling/roster/2026
at_36345d1dc379,acro_tumbling,2025-26,2026,D1,Women,Missouri Valley Conference,Missouri St.,,UNK,So.,So,"Dothan, Ala.",Dothan,AL,domestic,Dothan High,0,https://missouristatebears.com/sports/acrobatics-tumbling/roster/2026
at_9442f8a12d08,acro_tumbling,2025-26,2026,D1,Women,Missouri Valley Conference,Missouri St.,,UNK,Fr.,Fr,"Double Oak, Texas",Double Oak,TX,domestic,Marcus High,0,https://missouristatebears.com/sports/acrobatics-tumbling/roster/2026
at_f8928f289f15,acro_tumbling,2025-26,2026,D1,Women,Missouri Valley Conference,Missouri St.,,UNK,So.,So,"Athens, Ga.",Athens,GA,domestic,Barrow Arts and Sciences Academy,1,https://missouristatebears.com/sports/acrobatics-tumbling/roster/2026
at_820a330407b5,acro_tumbling,2025-26,2026,D1,Women,Missouri Valley Conference,Missouri St.,,UNK,Sr.,Sr,"San Antonio, Texas",San Antonio,TX,domestic,Byron P. Steele II High,0,https://missouristatebears.com/sports/acrobatics-tumbling/roster/2026
at_8fe5f17f5027,acro_tumbling,2025-26,2026,D1,Women,Missouri Valley Conference,Missouri St.,,UNK,Fr.,Fr,"Rockwall, Texas",Rockwall,TX,domestic,Rockwall Heath High,0,https://missouristatebears.com/sports/acrobatics-tumbling/roster/2026
at_b3e7bccca92c,acro_tumbling,2025-26,2026,D1,Women,Missouri Valley Conference,Missouri St.,,UNK,Jr.,Jr,"Friendsville, Tenn.",Friendsville,TN,domestic,Maryville High,0,https://missouristatebears.com/sports/acrobatics-tumbling/roster/2026
at_40dd1c5d2ad8,acro_tumbling,2025-26,2026,D1,Women,Missouri Valley Conference,Missouri St.,,UNK,So.,So,"Marietta, Ga.",Marietta,GA,domestic,Kell High,0,https://missouristatebears.com/sports/acrobatics-tumbling/roster/2026
at_f246c990c8dc,acro_tumbling,2025-26,2026,D1,Women,Missouri Valley Conference,Missouri St.,,UNK,Jr.,Jr,"Eugene, Ore.",Eugene,OR,domestic,Willamette High,0,https://missouristatebears.com/sports/acrobatics-tumbling/roster/2026
at_0fffd26dd9ed,acro_tumbling,2025-26,2026,D1,Women,Missouri Valley Conference,Missouri St.,,UNK,So.,So,"Oak Park, Ill.",Oak Park,IL,domestic,Willowbrook High,0,https://missouristatebears.com/sports/acrobatics-tumbling/roster/2026
at_d7dcd56a6f11,acro_tumbling,2025-26,2026,D1,Women,Missouri Valley Conference,Missouri St.,,UNK,Fr.,Fr,"Blue Springs, Mo.",Blue Springs,MO,domestic,Blue Springs South High,0,https://missouristatebears.com/sports/acrobatics-tumbling/roster/2026
at_e6da122d9a5e,acro_tumbling,2025-26,2026,D1,Women,Missouri Valley Conference,Missouri St.,,UNK,Fr.,Fr,"Dallas, Texas",Dallas,TX,domestic,Life High,0,https://missouristatebears.com/sports/acrobatics-tumbling/roster/2026
at_6a7aba92e61c,acro_tumbling,2025-26,2026,D1,Women,Missouri Valley Conference,Missouri St.,,UNK,Fr.,Fr,"Pittsburgh, Pa.",Pittsburgh,PA,domestic,Montour High,0,https://missouristatebears.com/sports/acrobatics-tumbling/roster/2026
at_3e72802968ea,acro_tumbling,2025-26,2026,D1,Women,Missouri Valley Conference,Missouri St.,,UNK,Fr.,Fr,"Whitby, Ontario, Canada",Whitby,,international,Donald A. Wilson Secondary,0,https://missouristatebears.com/sports/acrobatics-tumbling/roster/2026
at_9e57f290db9d,acro_tumbling,2025-26,2026,D1,Women,Missouri Valley Conference,Missouri St.,,UNK,Jr.,Jr,"Virginia Beach, Va.",Virginia Beach,VA,domestic,Green Run High,0,https://missouristatebears.com/sports/acrobatics-tumbling/roster/2026
at_1b9fb30edf37,acro_tumbling,2025-26,2026,D1,Women,Missouri Valley Conference,Missouri St.,,UNK,Fr.,Fr,"Clonakilty, Ireland",Clonakilty,,international,Sacred Heart Secondary,0,https://missouristatebears.com/sports/acrobatics-tumbling/roster/2026
at_1976e74ff87d,acro_tumbling,2025-26,2026,D1,Women,Missouri Valley Conference,Missouri St.,,UNK,Jr.,Jr,"St. Louis, Mo.",St. Louis,MO,domestic,Parkway South High,0,https://missouristatebears.com/sports/acrobatics-tumbling/roster/2026
at_768389e01cee,acro_tumbling,2025-26,2026,D1,Women,Missouri Valley Conference,Missouri St.,,UNK,Sr.,Sr,"Houston, Texas",Houston,TX,domestic,Langham Creek High,0,https://missouristatebears.com/sports/acrobatics-tumbling/roster/2026
at_5a1e358cb080,acro_tumbling,2025-26,2026,D1,Women,Mid-Eastern Athletic Conference,Morgan St.,Utility Utility,Other,So.,So,"Nova Scotia, Canada",Nova Scotia,,international,Citadel HS,0,https://morganstatebears.com/sports/acrobatics-and-tumbling/roster/2026
at_2520483e9cf1,acro_tumbling,2025-26,2026,D1,Women,Mid-Eastern Athletic Conference,Morgan St.,Base/Tumbler Base/Tumbler,Multi,Jr.,Jr,"Morningside, Md.",Morningside,MD,domestic,Dr.Henry A Wise Jr HS,0,https://morganstatebears.com/sports/acrobatics-and-tumbling/roster/2026
at_941b2d3b2d68,acro_tumbling,2025-26,2026,D1,Women,Mid-Eastern Athletic Conference,Morgan St.,Base/Tumbler Base/Tumbler,Multi,Jr.,Jr,"Auburn Hills, Mich.",Auburn Hills,MI,domestic,Rochester Adams HS,0,https://morganstatebears.com/sports/acrobatics-and-tumbling/roster/2026
at_0da2b2b8e357,acro_tumbling,2025-26,2026,D1,Women,Mid-Eastern Athletic Conference,Morgan St.,Top/Tumbler Top/Tumbler,Multi,Jr.,Jr,"Laurel, Md.",Laurel,MD,domestic,Meade High School,0,https://morganstatebears.com/sports/acrobatics-and-tumbling/roster/2026
at_8609eb61b5aa,acro_tumbling,2025-26,2026,D1,Women,Mid-Eastern Athletic Conference,Morgan St.,Utility Utility,Other,Jr.,Jr,"Upper Marlboro, Md.",Upper Marlboro,MD,domestic,C.H. Flowers HS,0,https://morganstatebears.com/sports/acrobatics-and-tumbling/roster/2026
at_22d3208df575,acro_tumbling,2025-26,2026,D1,Women,Mid-Eastern Athletic Conference,Morgan St.,Base Base,Base,So.,So,"Jonesboro, Ga.",Jonesboro,GA,domestic,Lovejoy HS,0,https://morganstatebears.com/sports/acrobatics-and-tumbling/roster/2026
at_411057fbe098,acro_tumbling,2025-26,2026,D1,Women,Mid-Eastern Athletic Conference,Morgan St.,Base/Tumbler Base/Tumbler,Multi,Jr.,Jr,"Boyds, Md.",Boyds,MD,domestic,Northwest HS,0,https://morganstatebears.com/sports/acrobatics-and-tumbling/roster/2026
at_c645136ce684,acro_tumbling,2025-26,2026,D1,Women,Mid-Eastern Athletic Conference,Morgan St.,Base/Tumbler Base/Tumbler,Multi,Jr.,Jr,"North Huntingdon, Pa.",North Huntingdon,PA,domestic,Gateway Senior HS,0,https://morganstatebears.com/sports/acrobatics-and-tumbling/roster/2026
at_4c753888ea47,acro_tumbling,2025-26,2026,D1,Women,Mid-Eastern Athletic Conference,Morgan St.,Top/Tumbler Top/Tumbler,Multi,Jr.,Jr,"Upper Marlboro, Md.",Upper Marlboro,MD,domestic,Chesapeake Math & IT Academy,1,https://morganstatebears.com/sports/acrobatics-and-tumbling/roster/2026
at_aad9a9dc2e5c,acro_tumbling,2025-26,2026,D1,Women,Mid-Eastern Athletic Conference,Morgan St.,Utility,Other,So.,So,"Waldorf, Md.",Waldorf,MD,domestic,St. Charles HS,0,https://morganstatebears.com/sports/acrobatics-and-tumbling/roster/2026
at_310767d34fdb,acro_tumbling,2025-26,2026,D1,Women,Mid-Eastern Athletic Conference,Morgan St.,Base/Tumbler Base/Tumbler,Multi,Jr.,Jr,"Marietta, Ga.",Marietta,GA,domestic,Campbell HS,0,https://morganstatebears.com/sports/acrobatics-and-tumbling/roster/2026
at_31fcca48af02,acro_tumbling,2025-26,2026,D1,Women,Mid-Eastern Athletic Conference,Morgan St.,Base/Tumbler Base/Tumbler,Multi,Jr.,Jr,"Germantown, Tenn.",Germantown,TN,domestic,Houston HS,0,https://morganstatebears.com/sports/acrobatics-and-tumbling/roster/2026
at_9841b1682a17,acro_tumbling,2025-26,2026,D1,Women,Mid-Eastern Athletic Conference,Morgan St.,Utility,Other,So.,So,"Powder Springs, Ga.",Powder Springs,GA,domestic,Hillgrove HS,0,https://morganstatebears.com/sports/acrobatics-and-tumbling/roster/2026
at_e4b5ae25771f,acro_tumbling,2025-26,2026,D1,Women,Mid-Eastern Athletic Conference,Morgan St.,Top/Tumbler,Multi,So.,So,"Bowie, Md.",Bowie,MD,domestic,Spencerville Adventist Academy,1,https://morganstatebears.com/sports/acrobatics-and-tumbling/roster/2026
at_c7f95ebbab0e,acro_tumbling,2025-26,2026,D1,Women,Mid-Eastern Athletic Conference,Morgan St.,Utility,Other,So.,So,"Whiteland, Ind.",Whiteland,IN,domestic,Oakdale HS,0,https://morganstatebears.com/sports/acrobatics-and-tumbling/roster/2026
at_288938b4e764,acro_tumbling,2025-26,2026,D1,Women,Mid-Eastern Athletic Conference,Morgan St.,Top/Tumbler Top/Tumbler,Multi,Jr.,Jr,"Douglasville, Ga.",Douglasville,GA,domestic,Chapel Hill HS,0,https://morganstatebears.com/sports/acrobatics-and-tumbling/roster/2026
at_dc002b5c20a0,acro_tumbling,2025-26,2026,D1,Women,Mid-Eastern Athletic Conference,Morgan St.,Base/Tumbler Base/Tumbler,Multi,Jr.,Jr,"Converse, Texas",Converse,TX,domestic,Judson HS,0,https://morganstatebears.com/sports/acrobatics-and-tumbling/roster/2026
at_a07e2afe6fb6,acro_tumbling,2025-26,2026,D1,Women,Mid-Eastern Athletic Conference,Morgan St.,Top/Tumbler,Multi,So.,So,"Ithaca, N.Y.",Ithaca,NY,domestic,Ithaca HS,0,https://morganstatebears.com/sports/acrobatics-and-tumbling/roster/2026
at_722660328dbd,acro_tumbling,2025-26,2026,D1,Women,Mid-Eastern Athletic Conference,Morgan St.,Base/Tumbler Base/Tumbler,Multi,Jr.,Jr,"Union, N.J.",Union,NJ,domestic,Union HS,0,https://morganstatebears.com/sports/acrobatics-and-tumbling/roster/2026
at_823456e950d7,acro_tumbling,2025-26,2026,D1,Women,Mid-Eastern Athletic Conference,Morgan St.,Utility Utility,Other,Jr.,Jr,"Bremeton, Wash.",Bremeton,WA,domestic,Olympic High School,0,https://morganstatebears.com/sports/acrobatics-and-tumbling/roster/2026
at_7ceef1a7c169,acro_tumbling,2025-26,2026,D1,Women,Mid-Eastern Athletic Conference,Morgan St.,Base/Tumbler,Multi,So.,So,"Indianapolis, Ind.",Indianapolis,IN,domestic,North Central HS,0,https://morganstatebears.com/sports/acrobatics-and-tumbling/roster/2026
at_80519c6be85d,acro_tumbling,2025-26,2026,D1,Women,Mid-Eastern Athletic Conference,Morgan St.,Top/Tumbler,Multi,Jr.,Jr,"Fredericksburg, Va.",Fredericksburg,VA,domestic,International Virtual Learning Academy,1,https://morganstatebears.com/sports/acrobatics-and-tumbling/roster/2026
at_a785a142f424,acro_tumbling,2025-26,2026,D1,Women,Mid-Eastern Athletic Conference,Morgan St.,Base/Tumbler Base/Tumbler,Multi,Jr.,Jr,"Lithia Springs, Ga.",Lithia Springs,GA,domestic,Chapel Hill HS,0,https://morganstatebears.com/sports/acrobatics-and-tumbling/roster/2026
at_92c46f710c4a,acro_tumbling,2025-26,2026,D1,Women,Mid-Eastern Athletic Conference,Morgan St.,Base/Tumbler,Multi,So.,So,"Chicago, Ill.",Chicago,IL,domestic,Disney II Magnet High School,0,https://morganstatebears.com/sports/acrobatics-and-tumbling/roster/2026
at_59c3304e70aa,acro_tumbling,2025-26,2026,D1,Women,Mid-Eastern Athletic Conference,Morgan St.,Base/Tumbler Base/Tumbler,Multi,Jr.,Jr,"Clinton Township, Mich.",Clinton Township,MI,domestic,Chippewa Valley HS,0,https://morganstatebears.com/sports/acrobatics-and-tumbling/roster/2026
at_97a4f75ebfae,acro_tumbling,2025-26,2026,D1,Women,Mid-Eastern Athletic Conference,Morgan St.,Utility,Other,So.,So,"Locust Grove, Ga.",Locust Grove,GA,domestic,Lovejoy HS,0,https://morganstatebears.com/sports/acrobatics-and-tumbling/roster/2026
at_af95ddcb0936,acro_tumbling,2025-26,2026,D1,Women,Mid-Eastern Athletic Conference,Morgan St.,Base Base,Base,So.,So,So.,So.,,international,,0,https://morganstatebears.com/sports/acrobatics-and-tumbling/roster/2026
at_77229bef0d7b,acro_tumbling,2025-26,2026,D1,Women,Mid-Eastern Athletic Conference,Morgan St.,Utility,Other,So.,So,"Katy, Texas",Katy,TX,domestic,Paetow HS,0,https://morganstatebears.com/sports/acrobatics-and-tumbling/roster/2026
at_7eafd05fb222,acro_tumbling,2025-26,2026,D1,Women,Mid-Eastern Athletic Conference,Morgan St.,Base Base,Base,Fr.,Fr,Fr.,Fr.,,international,,0,https://morganstatebears.com/sports/acrobatics-and-tumbling/roster/2026
at_7504c7b4e8e5,acro_tumbling,2025-26,2026,D1,Women,Mid-Eastern Athletic Conference,Morgan St.,Base/Tumbler,Multi,So.,So,"Albuquerque, N.M.",Albuquerque,NM,domestic,Pecos Cyber Academy,1,https://morganstatebears.com/sports/acrobatics-and-tumbling/roster/2026
at_97b4f0deed30,acro_tumbling,2025-26,2026,D1,Women,Mid-Eastern Athletic Conference,Morgan St.,Base/Tumbler Base/Tumbler,Multi,Fr.,Fr,"Fr. Philadelphia, Pa.",Fr. Philadelphia,PA,domestic,"Philadelphia, Pa.",0,https://morganstatebears.com/sports/acrobatics-and-tumbling/roster/2026
at_1b5efb1db0a8,acro_tumbling,2025-26,2026,D1,Women,Mid-Eastern Athletic Conference,Morgan St.,Base Base,Base,Fr.,Fr,Fr.,Fr.,,international,,0,https://morganstatebears.com/sports/acrobatics-and-tumbling/roster/2026
at_476b28e16ede,acro_tumbling,2025-26,2026,D1,Women,Mid-Eastern Athletic Conference,Morgan St.,Flyer/Tumbler Flyer/Tumbler,Multi,Jr.,Jr,Jr.,Jr.,,international,,0,https://morganstatebears.com/sports/acrobatics-and-tumbling/roster/2026
at_60012c6f12c4,acro_tumbling,2025-26,2026,D1,Women,Pacific-12 Conference,Oregon,Base/Tumbler,Multi,Fr.,Fr,"Burlington, N.J.",Burlington,NJ,domestic,Burlington Township High School,0,https://goducks.com/sports/acrobatics-tumbling/roster/2026
at_7cb7720ed049,acro_tumbling,2025-26,2026,D1,Women,Pacific-12 Conference,Oregon,Base/Tumbler,Multi,Jr.,Jr,"Georgetown, Mass.",Georgetown,MA,domestic,Georgetown HS,0,https://goducks.com/sports/acrobatics-tumbling/roster/2026
at_b1d1638115e5,acro_tumbling,2025-26,2026,D1,Women,Pacific-12 Conference,Oregon,Base/Tumbler,Multi,Fr.,Fr,"Corona, Calif.",Corona,CA,domestic,Centennial High School,0,https://goducks.com/sports/acrobatics-tumbling/roster/2026
at_585bed8239d1,acro_tumbling,2025-26,2026,D1,Women,Pacific-12 Conference,Oregon,Top/Tumbler,Multi,Fr.,Fr,"Wesminster, Colo.",Wesminster,CO,domestic,Denver School,0,https://goducks.com/sports/acrobatics-tumbling/roster/2026
at_1ab4bf71c8b5,acro_tumbling,2025-26,2026,D1,Women,Pacific-12 Conference,Oregon,Base/Tumbler,Multi,Fr.,Fr,"Aurora, Ill.",Aurora,IL,domestic,Waubonsie Valley High School,0,https://goducks.com/sports/acrobatics-tumbling/roster/2026
at_5cd19d52918b,acro_tumbling,2025-26,2026,D1,Women,Pacific-12 Conference,Oregon,Top/Tumbler,Multi,Sr.,Sr,"Bellevue, Wash.",Bellevue,WA,domestic,Newport HS,0,https://goducks.com/sports/acrobatics-tumbling/roster/2026
at_58e717efd6d6,acro_tumbling,2025-26,2026,D1,Women,Pacific-12 Conference,Oregon,Top/Tumbler,Multi,Fr.,Fr,"Katy, Texas",Katy,TX,domestic,St. John XXIII College Preparatory,1,https://goducks.com/sports/acrobatics-tumbling/roster/2026
at_421f07a6f685,acro_tumbling,2025-26,2026,D1,Women,Pacific-12 Conference,Oregon,Base,Base,Jr.,Jr,"Paso Robles, Calif.",Paso Robles,CA,domestic,Magruder HS,0,https://goducks.com/sports/acrobatics-tumbling/roster/2026
at_500bc5c7a570,acro_tumbling,2025-26,2026,D1,Women,Pacific-12 Conference,Oregon,Base/Tumbler,Multi,Jr.,Jr,"Napa, Calif.",Napa,CA,domestic,Justin-Siena HS,0,https://goducks.com/sports/acrobatics-tumbling/roster/2026
at_8976bef9e976,acro_tumbling,2025-26,2026,D1,Women,Pacific-12 Conference,Oregon,Base/Tumbler,Multi,Jr.,Jr,"Corona, Calif.",Corona,CA,domestic,Santiago HS,0,https://goducks.com/sports/acrobatics-tumbling/roster/2026
at_2721f0b421f2,acro_tumbling,2025-26,2026,D1,Women,Pacific-12 Conference,Oregon,Top/Tumbler,Multi,Jr.,Jr,"Southampton, Pa.",Southampton,PA,domestic,William Tennent HS,0,https://goducks.com/sports/acrobatics-tumbling/roster/2026
at_670d1074712b,acro_tumbling,2025-26,2026,D1,Women,Pacific-12 Conference,Oregon,Top/Tumbler,Multi,Fr.,Fr,"Keizer, Ore.",Keizer,OR,domestic,McNary High School,0,https://goducks.com/sports/acrobatics-tumbling/roster/2026
at_8401c7dfeed9,acro_tumbling,2025-26,2026,D1,Women,Pacific-12 Conference,Oregon,Top,Top,So.,So,"Castro Valley, Calif.",Castro Valley,CA,domestic,Castro Valley HS,0,https://goducks.com/sports/acrobatics-tumbling/roster/2026
at_52a0bdbb0887,acro_tumbling,2025-26,2026,D1,Women,Pacific-12 Conference,Oregon,Top/Tumbler,Multi,So.,So,"Kapolei, Hawaii",Kapolei,HI,domestic,Hawaii Technology Academy,1,https://goducks.com/sports/acrobatics-tumbling/roster/2026
at_90190602cdcd,acro_tumbling,2025-26,2026,D1,Women,Pacific-12 Conference,Oregon,Base,Base,Sr.,Sr,"Los Altos, Calif.",Los Altos,CA,domestic,Los Altos HS,0,https://goducks.com/sports/acrobatics-tumbling/roster/2026
at_4853acba3e16,acro_tumbling,2025-26,2026,D1,Women,Pacific-12 Conference,Oregon,Base,Base,Gr.,Gr,"Lynwood, Ill.",Lynwood,IL,domestic,Rowe Clark Math and Science Academy,1,https://goducks.com/sports/acrobatics-tumbling/roster/2026
at_a202cba1fb64,acro_tumbling,2025-26,2026,D1,Women,Pacific-12 Conference,Oregon,Top/Tumbler,Multi,Jr.,Jr,"Nashville, Tenn.",Nashville,TN,domestic,Ravenwood HS,0,https://goducks.com/sports/acrobatics-tumbling/roster/2026
at_b4a137591a1e,acro_tumbling,2025-26,2026,D1,Women,Pacific-12 Conference,Oregon,Base,Base,So.,So,"Portland, Ore.",Portland,OR,domestic,Central Catholic,0,https://goducks.com/sports/acrobatics-tumbling/roster/2026
at_73d4fefcff01,acro_tumbling,2025-26,2026,D1,Women,Pacific-12 Conference,Oregon,Top/Tumbler,Multi,So.,So,"Coppell, Texas",Coppell,TX,domestic,Abeka Academy,1,https://goducks.com/sports/acrobatics-tumbling/roster/2026
at_e1f52f3dc43a,acro_tumbling,2025-26,2026,D1,Women,Pacific-12 Conference,Oregon,Base,Base,So.,So,"Guyton, Ga.",Guyton,GA,domestic,South Effingham HS,0,https://goducks.com/sports/acrobatics-tumbling/roster/2026
at_2feb71399f29,acro_tumbling,2025-26,2026,D1,Women,Pacific-12 Conference,Oregon,Top/Tumbler,Multi,So.,So,"Surrey, British Columbia",Surrey,,international,Lord Tweedsmuir Secondary School,0,https://goducks.com/sports/acrobatics-tumbling/roster/2026
at_ba4e4eb042f2,acro_tumbling,2025-26,2026,D1,Women,Pacific-12 Conference,Oregon,Base/Tumbler,Multi,Fr.,Fr,"Chicago, Ill.",Chicago,IL,domestic,Kenwood Academy,1,https://goducks.com/sports/acrobatics-tumbling/roster/2026
at_551284f22beb,acro_tumbling,2025-26,2026,D1,Women,Pacific-12 Conference,Oregon,Top,Top,Fr.,Fr,"Riverside, Calif.",Riverside,CA,domestic,Riverside Polytechnic HS,0,https://goducks.com/sports/acrobatics-tumbling/roster/2026
at_51e5e4c4d56c,acro_tumbling,2025-26,2026,D1,Women,Pacific-12 Conference,Oregon,Top/Base/Tumbler,Multi,So.,So,"Douglasville, Ga.",Douglasville,GA,domestic,Alexander HS,0,https://goducks.com/sports/acrobatics-tumbling/roster/2026
at_158699bda3ab,acro_tumbling,2025-26,2026,D1,Women,Pacific-12 Conference,Oregon,Base/Tumbler,Multi,Sr.,Sr,"Simi Valley, Calif.",Simi Valley,CA,domestic,Simi Valley HS,0,https://goducks.com/sports/acrobatics-tumbling/roster/2026
at_44ea7a3a9339,acro_tumbling,2025-26,2026,D1,Women,Pacific-12 Conference,Oregon,Base,Base,Sr.,Sr,"Lawrenceville, Ga.",Lawrenceville,GA,domestic,Peachtree Ridge HS,0,https://goducks.com/sports/acrobatics-tumbling/roster/2026
at_255079c506cc,acro_tumbling,2025-26,2026,D1,Women,Pacific-12 Conference,Oregon,Base/Tumbler,Multi,Fr.,Fr,"Vancouver, Wash.",Vancouver,WA,domestic,Union High School,0,https://goducks.com/sports/acrobatics-tumbling/roster/2026
at_d6a46253ac6b,acro_tumbling,2025-26,2026,D1,Women,Pacific-12 Conference,Oregon,Top/Tumbler,Multi,Jr.,Jr,"Honolulu, Hawaii",Honolulu,HI,domestic,Moanalua HS,0,https://goducks.com/sports/acrobatics-tumbling/roster/2026
at_7559076b5aeb,acro_tumbling,2025-26,2026,D1,Women,Pacific-12 Conference,Oregon,Top/Tumbler,Multi,So.,So,"Lathrop, Calif.",Lathrop,CA,domestic,Delta Charter HS,0,https://goducks.com/sports/acrobatics-tumbling/roster/2026
at_ed5fb78fba56,acro_tumbling,2025-26,2026,D1,Women,Pacific-12 Conference,Oregon,Base,Base,Sr.,Sr,"Norco, Calif.",Norco,CA,domestic,Norco HS,0,https://goducks.com/sports/acrobatics-tumbling/roster/2026
at_5e42ea90da73,acro_tumbling,2025-26,2026,D1,Women,Pacific-12 Conference,Oregon,Top,Top,So.,So,"Woodinville, Wash.",Woodinville,WA,domestic,Redmond HS,0,https://goducks.com/sports/acrobatics-tumbling/roster/2026
at_9fe785d47bef,acro_tumbling,2025-26,2026,D1,Women,Pacific-12 Conference,Oregon,Top/Tumbler,Multi,Fr.,Fr,"Geismar, La.",Geismar,LA,domestic,Dutchtown High School,0,https://goducks.com/sports/acrobatics-tumbling/roster/2026
at_12689d525b2a,acro_tumbling,2025-26,2026,D1,Women,Pacific-12 Conference,Oregon,Top/Base/Tumbler,Multi,Jr.,Jr,"Albany, Ore.",Albany,OR,domestic,West Albany HS,0,https://goducks.com/sports/acrobatics-tumbling/roster/2026
at_2fffba2bec22,acro_tumbling,2025-26,2026,D1,Women,Pacific-12 Conference,Oregon,Top/Tumbler,Multi,Jr.,Jr,"Las Vegas, Nev.",Las Vegas,NV,domestic,Bishop Gorman HS,0,https://goducks.com/sports/acrobatics-tumbling/roster/2026
at_e9a96655421e,acro_tumbling,2025-26,2026,D1,Women,Pacific-12 Conference,Oregon,Base,Base,Sr.,Sr,"Austin, Texas",Austin,TX,domestic,Lake Travis High School,0,https://goducks.com/sports/acrobatics-tumbling/roster/2026
at_60b3129a95fb,acro_tumbling,2025-26,2026,D1,Women,Pacific-12 Conference,Oregon,Base,Base,Fr.,Fr,"Corvallis, Ore.",Corvallis,OR,domestic,Crescent Valley High School,0,https://goducks.com/sports/acrobatics-tumbling/roster/2026
at_c300aa042d9e,acro_tumbling,2025-26,2026,D1,Women,Pacific-12 Conference,Oregon,Base,Base,Jr.,Jr,"Stoughton, Mass.",Stoughton,MA,domestic,Stoughton HS,0,https://goducks.com/sports/acrobatics-tumbling/roster/2026
at_d6b19644815c,acro_tumbling,2025-26,2026,D1,Women,Pacific-12 Conference,Oregon,Base/Tumbler,Multi,So.,So,"Eugene, Ore.",Eugene,OR,domestic,Sheldon HS,0,https://goducks.com/sports/acrobatics-tumbling/roster/2026
at_607a5826aefe,acro_tumbling,2025-26,2026,D1,Women,Pacific-12 Conference,Oregon,Base,Base,Jr.,Jr,"Hutto, Texas",Hutto,TX,domestic,Hutto HS,0,https://goducks.com/sports/acrobatics-tumbling/roster/2026
at_7d73037b746c,acro_tumbling,2025-26,2026,D1,Women,Pacific-12 Conference,Oregon,Base,Base,Sr.,Sr,Merth,Merth,,international,Jefferson State Community College,0,https://goducks.com/sports/acrobatics-tumbling/roster/2026
at_d87ec88deb7f,acro_tumbling,2025-26,2026,D1,Women,Pacific-12 Conference,Oregon,Base,Base,So.,So,"Wilmington, Del.",Wilmington,DE,domestic,Sanford School,0,https://goducks.com/sports/acrobatics-tumbling/roster/2026
at_1d22e8d82fe0,acro_tumbling,2025-26,2026,D1,Women,Metro Atlantic Athletic Conference,Quinnipiac,Top/Tumbler,Multi,So.,So,"Brookeville, Md.",Brookeville,MD,domestic,Dover High,0,https://gobobcats.com/sports/acrobatics-tumbling/roster/2026
at_13202fec905c,acro_tumbling,2025-26,2026,D1,Women,Metro Atlantic Athletic Conference,Quinnipiac,Base/Tumbler,Multi,Jr.,Jr,"Manchester, N.J.",Manchester,NJ,domestic,,0,https://gobobcats.com/sports/acrobatics-tumbling/roster/2026
at_8e26dcbe4a2b,acro_tumbling,2025-26,2026,D1,Women,Metro Atlantic Athletic Conference,Quinnipiac,Base/Tumbler,Multi,FY,Fr,"Easton, Pa.",Easton,PA,domestic,,0,https://gobobcats.com/sports/acrobatics-tumbling/roster/2026
at_61864a5cfd64,acro_tumbling,2025-26,2026,D1,Women,Metro Atlantic Athletic Conference,Quinnipiac,Top/Tumbler,Multi,Sr.,Sr,"Dover, N.H.",Dover,NH,domestic,Dover High,0,https://gobobcats.com/sports/acrobatics-tumbling/roster/2026
at_370abac094c9,acro_tumbling,2025-26,2026,D1,Women,Metro Atlantic Athletic Conference,Quinnipiac,Top/Tumbler,Multi,So.,So,"Bradford, Mass.",Bradford,MA,domestic,,0,https://gobobcats.com/sports/acrobatics-tumbling/roster/2026
at_28fee1151737,acro_tumbling,2025-26,2026,D1,Women,Metro Atlantic Athletic Conference,Quinnipiac,Top/Tumbler,Multi,So.,So,"Atlantic Beach, N.Y.",Atlantic Beach,NY,domestic,,0,https://gobobcats.com/sports/acrobatics-tumbling/roster/2026
at_8a6e442fe497,acro_tumbling,2025-26,2026,D1,Women,Metro Atlantic Athletic Conference,Quinnipiac,Base/Tumbler,Multi,Sr.,Sr,"Riverside, R.I.",Riverside,RI,domestic,Providence Country Day School,0,https://gobobcats.com/sports/acrobatics-tumbling/roster/2026
at_95dac08855d0,acro_tumbling,2025-26,2026,D1,Women,Metro Atlantic Athletic Conference,Quinnipiac,Top/Tumbler,Multi,Gr.,Gr,"Newport News, Va.",Newport News,VA,domestic,,0,https://gobobcats.com/sports/acrobatics-tumbling/roster/2026
at_c8fb845e353d,acro_tumbling,2025-26,2026,D1,Women,Metro Atlantic Athletic Conference,Quinnipiac,Top/Tumbler,Multi,FY,Fr,"Pine Brook, N.J.",Pine Brook,NJ,domestic,,0,https://gobobcats.com/sports/acrobatics-tumbling/roster/2026
at_577a06d5b43a,acro_tumbling,2025-26,2026,D1,Women,Metro Atlantic Athletic Conference,Quinnipiac,Base/Tumbler,Multi,So.,So,"Whiteford, Md.",Whiteford,MD,domestic,,0,https://gobobcats.com/sports/acrobatics-tumbling/roster/2026
at_096d418edf3a,acro_tumbling,2025-26,2026,D1,Women,Metro Atlantic Athletic Conference,Quinnipiac,Top/Tumbler,Multi,FY,Fr,"Park Ridge, N.J.",Park Ridge,NJ,domestic,,0,https://gobobcats.com/sports/acrobatics-tumbling/roster/2026
at_5178ecbf7cb1,acro_tumbling,2025-26,2026,D1,Women,Metro Atlantic Athletic Conference,Quinnipiac,Base/Tumbler,Multi,Jr.,Jr,"Londonderry, N.H.",Londonderry,NH,domestic,Londonderry,0,https://gobobcats.com/sports/acrobatics-tumbling/roster/2026
at_841d736443c0,acro_tumbling,2025-26,2026,D1,Women,Metro Atlantic Athletic Conference,Quinnipiac,Top/Tumbler,Multi,FY,Fr,"Wolcott, Conn.",Wolcott,CT,domestic,,0,https://gobobcats.com/sports/acrobatics-tumbling/roster/2026
at_1c6d594686b4,acro_tumbling,2025-26,2026,D1,Women,Metro Atlantic Athletic Conference,Quinnipiac,Base/Tumbler,Multi,So.,So,"Wallingford, Conn.",Wallingford,CT,domestic,,0,https://gobobcats.com/sports/acrobatics-tumbling/roster/2026
at_c64d781593ff,acro_tumbling,2025-26,2026,D1,Women,Metro Atlantic Athletic Conference,Quinnipiac,Top/Tumbler,Multi,Sr.,Sr,"Garnet Valley, Pa.",Garnet Valley,PA,domestic,Garnet Valley High School,0,https://gobobcats.com/sports/acrobatics-tumbling/roster/2026
at_0d51843f20e2,acro_tumbling,2025-26,2026,D1,Women,Metro Atlantic Athletic Conference,Quinnipiac,Base/Tumbler,Multi,Sr.,Sr,"Apopka, Fla.",Apopka,FL,domestic,,0,https://gobobcats.com/sports/acrobatics-tumbling/roster/2026
at_68daacc18d0c,acro_tumbling,2025-26,2026,D1,Women,Metro Atlantic Athletic Conference,Quinnipiac,Base/Tumbler,Multi,FY,Fr,"Monroe, N.J.",Monroe,NJ,domestic,,0,https://gobobcats.com/sports/acrobatics-tumbling/roster/2026
at_6032b1045dcd,acro_tumbling,2025-26,2026,D1,Women,Metro Atlantic Athletic Conference,Quinnipiac,Top/Tumbler,Multi,Gr.,Gr,"Spring Branch, Texas",Spring Branch,TX,domestic,,0,https://gobobcats.com/sports/acrobatics-tumbling/roster/2026
at_8a3d6e72d915,acro_tumbling,2025-26,2026,D1,Women,Metro Atlantic Athletic Conference,Quinnipiac,Tumbler,Tumbler,FY,Fr,"Haverhill, Mass.",Haverhill,MA,domestic,,0,https://gobobcats.com/sports/acrobatics-tumbling/roster/2026
at_4be16f670946,acro_tumbling,2025-26,2026,D1,Women,Metro Atlantic Athletic Conference,Quinnipiac,Base/Tumbler,Multi,Jr.,Jr,"Wilmington, Mass.",Wilmington,MA,domestic,Wilmington,0,https://gobobcats.com/sports/acrobatics-tumbling/roster/2026
at_b18cb6821b06,acro_tumbling,2025-26,2026,D1,Women,Metro Atlantic Athletic Conference,Quinnipiac,Top/Tumbler,Multi,So.,So,"Amesbury, Mass.",Amesbury,MA,domestic,,0,https://gobobcats.com/sports/acrobatics-tumbling/roster/2026
at_ede8b242ba9a,acro_tumbling,2025-26,2026,D1,Women,Metro Atlantic Athletic Conference,Quinnipiac,Base/Tumbler,Multi,So.,So,"Glen Rock, N.J.",Glen Rock,NJ,domestic,,0,https://gobobcats.com/sports/acrobatics-tumbling/roster/2026
at_efc63f3e4e6c,acro_tumbling,2025-26,2026,D1,Women,Metro Atlantic Athletic Conference,Quinnipiac,Top/Tumbler,Multi,FY,Fr,"Blue Springs, Mo.",Blue Springs,MO,domestic,,0,https://gobobcats.com/sports/acrobatics-tumbling/roster/2026
at_d022420d7e1f,acro_tumbling,2025-26,2026,D1,Women,Metro Atlantic Athletic Conference,Quinnipiac,Top,Top,So.,So,"Stony Point, N.Y.",Stony Point,NY,domestic,,0,https://gobobcats.com/sports/acrobatics-tumbling/roster/2026
at_ac2b4e28f46f,acro_tumbling,2025-26,2026,D1,Women,Metro Atlantic Athletic Conference,Quinnipiac,Base/Tumbler,Multi,Jr.,Jr,"Middletown, N.J.",Middletown,NJ,domestic,Red Bank Catholic,0,https://gobobcats.com/sports/acrobatics-tumbling/roster/2026
at_f77111edc2ac,acro_tumbling,2025-26,2026,D1,Women,Metro Atlantic Athletic Conference,Quinnipiac,Base/Tumbler,Multi,So.,So,"Parlin, N.J.",Parlin,NJ,domestic,,0,https://gobobcats.com/sports/acrobatics-tumbling/roster/2026
at_db5cf353f738,acro_tumbling,2025-26,2026,D1,Women,Metro Atlantic Athletic Conference,Quinnipiac,Base,Base,Sr.,Sr,"Danbury, CT",Danbury,CT,domestic,Danbury High School,0,https://gobobcats.com/sports/acrobatics-tumbling/roster/2026
at_8251d016fe62,acro_tumbling,2025-26,2026,D1,Women,Metro Atlantic Athletic Conference,Quinnipiac,Base/Tumbler,Multi,Sr.,Sr,"Oxford, CT",Oxford,CT,domestic,Oxford High School,0,https://gobobcats.com/sports/acrobatics-tumbling/roster/2026
at_b722b582142a,acro_tumbling,2025-26,2026,D1,Women,Metro Atlantic Athletic Conference,Quinnipiac,Base/Tumbler,Multi,So.,So,"Easton, Pa.",Easton,PA,domestic,,0,https://gobobcats.com/sports/acrobatics-tumbling/roster/2026
at_a73a2ee747b9,acro_tumbling,2025-26,2026,D1,Women,Metro Atlantic Athletic Conference,Quinnipiac,Base/Tumbler,Multi,FY,Fr,"Fallston, Md.",Fallston,MD,domestic,,0,https://gobobcats.com/sports/acrobatics-tumbling/roster/2026
at_be85069fbfb1,acro_tumbling,2025-26,2026,D1,Women,Metro Atlantic Athletic Conference,Quinnipiac,Top/Tumbler,Multi,Jr.,Jr,"Holmdel, N.J.",Holmdel,NJ,domestic,Holmdel,0,https://gobobcats.com/sports/acrobatics-tumbling/roster/2026
at_34a2da57be9c,acro_tumbling,2025-26,2026,D1,Women,Metro Atlantic Athletic Conference,Quinnipiac,Base,Base,So.,So,"Westbrook, Conn.",Westbrook,CT,domestic,,0,https://gobobcats.com/sports/acrobatics-tumbling/roster/2026
at_1666dd83aa2f,acro_tumbling,2025-26,2026,D1,Women,Metro Atlantic Athletic Conference,Quinnipiac,Top/Tumbler,Multi,FY,Fr,"Auburn, N.H.",Auburn,NH,domestic,,0,https://gobobcats.com/sports/acrobatics-tumbling/roster/2026
at_9a340a94cf15,acro_tumbling,2025-26,2026,D1,Women,Metro Atlantic Athletic Conference,Quinnipiac,Base,Base,FY,Fr,"Odenton, Md.",Odenton,MD,domestic,,0,https://gobobcats.com/sports/acrobatics-tumbling/roster/2026
at_3bffd6e30a36,acro_tumbling,2025-26,2026,D1,Women,Metro Atlantic Athletic Conference,Quinnipiac,Base/Tumbler,Multi,FY,Fr,"Ronkonkoma, N.Y.",Ronkonkoma,NY,domestic,,0,https://gobobcats.com/sports/acrobatics-tumbling/roster/2026
at_c8954749e87a,acro_tumbling,2025-26,2026,D1,Women,Metro Atlantic Athletic Conference,Quinnipiac,Base,Base,Sr.,Sr,"Reading, Pa.",Reading,PA,domestic,Exeter Township Senior High School,0,https://gobobcats.com/sports/acrobatics-tumbling/roster/2026
at_6096a43ea132,acro_tumbling,2025-26,2026,D1,Women,Metro Atlantic Athletic Conference,Quinnipiac,Base/Tumbler,Multi,FY,Fr,"Sacramento, Calif.",Sacramento,CA,domestic,,0,https://gobobcats.com/sports/acrobatics-tumbling/roster/2026
at_3ce722b2eb02,acro_tumbling,2025-26,2026,D1,Women,Metro Atlantic Athletic Conference,Quinnipiac,Base,Base,So.,So,"Derry, N.H.",Derry,NH,domestic,,0,https://gobobcats.com/sports/acrobatics-tumbling/roster/2026
at_7c1ec7475553,acro_tumbling,2025-26,2026,D1,Women,Metro Atlantic Athletic Conference,Quinnipiac,Base/Tumbler,Multi,Sr.,Sr,"Elgin, Ill.",Elgin,IL,domestic,Saint Viator High School,0,https://gobobcats.com/sports/acrobatics-tumbling/roster/2026
at_5f0f5eede7a2,acro_tumbling,2025-26,2026,D1,Women,Metro Atlantic Athletic Conference,Quinnipiac,Base,Base,Sr.,Sr,"Denver, Colo.",Denver,CO,domestic,Thomas Jefferson,0,https://gobobcats.com/sports/acrobatics-tumbling/roster/2026
at_1d22e8d82fe0_2,acro_tumbling,2025-26,2026,D1,Women,Metro Atlantic Athletic Conference,Quinnipiac,Top/Tumbler,Multi,So.,So,"Brookeville, Md. A'Lycia Moore",Brookeville,,international,Emily St. Onge,0,https://gobobcats.com/sports/acrobatics-tumbling/roster/2026
at_0fa8789974e3,acro_tumbling,2025-26,2026,D1,Women,Pacific-12 Conference,Oregon,Base,Base,Sr.,Sr,"Merthyr Tydfil, Wales",Merthyr Tydfil,,international,,0,https://goducks.com/api/v2/rosters?sportId=24
at_1d22e8d82fe0_3,acro_tumbling,2025-26,2026,D1,Women,Metro Atlantic Athletic Conference,Quinnipiac,,UNK,,UNK,,,,unknown,Dover High,0,https://gobobcats.com/sports/acrobatics-tumbling/roster/2026
at_2b1a925d4042,acro_tumbling,2025-26,2026,D1,Women,Atlantic 10 Conference,La Salle,Top/Tumbler,Multi,Fr.,Fr,"Lewisburg, WV",Lewisburg,WV,domestic,Kingsway Regional,0,https://goexplorers.com/sports/acrobatics-tumbling/roster
at_f19e3d95295d,acro_tumbling,2025-26,2026,D1,Women,Atlantic 10 Conference,La Salle,Top/Base/Tumbler,Multi,Fr.,Fr,"Lunenberg, MA",Lunenberg,MA,domestic,,0,https://goexplorers.com/sports/acrobatics-tumbling/roster
at_e9a2eef8a60d,acro_tumbling,2025-26,2026,D1,Women,Atlantic 10 Conference,La Salle,Base/Tumbler,Multi,Fr.,Fr,"Swedesboro, NJ",Swedesboro,NJ,domestic,Kingsway Regional,0,https://goexplorers.com/sports/acrobatics-tumbling/roster
at_b8d750d77957,acro_tumbling,2025-26,2026,D1,Women,Atlantic 10 Conference,La Salle,Base,Base,Fr.,Fr,Lacey Township. NJ,Lacey Township. NJ,,international,,0,https://goexplorers.com/sports/acrobatics-tumbling/roster
at_c69547afae96,acro_tumbling,2025-26,2026,D1,Women,Atlantic 10 Conference,La Salle,Base/Tumbler,Multi,Fr.,Fr,"Mechanicsburg, PA",Mechanicsburg,PA,domestic,,0,https://goexplorers.com/sports/acrobatics-tumbling/roster
at_08d942b7cbcd,acro_tumbling,2025-26,2026,D1,Women,Atlantic 10 Conference,La Salle,Top/Tumbler,Multi,Fr.,Fr,"Rhome, TX",Rhome,TX,domestic,,0,https://goexplorers.com/sports/acrobatics-tumbling/roster
at_efc70788cd85,acro_tumbling,2025-26,2026,D1,Women,Atlantic 10 Conference,La Salle,Top/Tumbler,Multi,Fr.,Fr,"New Tripoli, PA",New Tripoli,PA,domestic,,0,https://goexplorers.com/sports/acrobatics-tumbling/roster
at_4c09907551ce,acro_tumbling,2025-26,2026,D1,Women,Atlantic 10 Conference,La Salle,Top/Tumbler,Multi,Fr.,Fr,"Little Egg Harbor, NJ",Little Egg Harbor,NJ,domestic,Pinelands Regional,0,https://goexplorers.com/sports/acrobatics-tumbling/roster
at_aa50e24226be,acro_tumbling,2025-26,2026,D1,Women,Atlantic 10 Conference,La Salle,Base/Tumbler,Multi,Fr.,Fr,"Mountain Top, PA",Mountain Top,PA,domestic,Crestwood High,0,https://goexplorers.com/sports/acrobatics-tumbling/roster
at_f74bd3ea64ef,acro_tumbling,2025-26,2026,D1,Women,Atlantic 10 Conference,La Salle,Top/Tumbler,Multi,Fr.,Fr,"Roseville, MN",Roseville,MN,domestic,Roseville Area High,0,https://goexplorers.com/sports/acrobatics-tumbling/roster
at_0dd7a39052a2,acro_tumbling,2025-26,2026,D1,Women,Atlantic 10 Conference,La Salle,Base/Tumbler,Multi,Fr.,Fr,"Shelby Township, MI",Shelby Township,MI,domestic,Eisenhower High,0,https://goexplorers.com/sports/acrobatics-tumbling/roster
at_162d7bd6e5ea,acro_tumbling,2025-26,2026,D1,Women,Atlantic 10 Conference,La Salle,Base/Tumbler,Multi,Gr.,Gr,Gr.,Gr.,,international,,0,https://goexplorers.com/sports/acrobatics-tumbling/roster
at_2c64b5a49305,acro_tumbling,2025-26,2026,D1,Women,Atlantic 10 Conference,La Salle,Base/Tumbler,Multi,So.,So,So.,So.,,international,,0,https://goexplorers.com/sports/acrobatics-tumbling/roster
at_f4bf7816cb64,acro_tumbling,2025-26,2026,D1,Women,Atlantic 10 Conference,La Salle,Base/Tumbler,Multi,Gr.,Gr,"Abingdon, MD",Abingdon,MD,domestic,,0,https://goexplorers.com/sports/acrobatics-tumbling/roster
at_360c24edc7c0,acro_tumbling,2025-26,2026,D1,Women,Atlantic 10 Conference,La Salle,Top/Tumbler,Multi,Fr.,Fr,"American Canyon, CA",American Canyon,CA,domestic,American Canyon High School,0,https://goexplorers.com/sports/acrobatics-tumbling/roster
at_8abf714c1799,acro_tumbling,2025-26,2026,D1,Women,Atlantic 10 Conference,La Salle,Top/Base/Tumbler,Multi,Fr.,Fr,Fr.,Fr.,,international,,0,https://goexplorers.com/sports/acrobatics-tumbling/roster
at_70ea00fb7879,acro_tumbling,2025-26,2026,D1,Women,Atlantic 10 Conference,La Salle,Base,Base,Fr.,Fr,"York, PA",York,PA,domestic,West York Area High,0,https://goexplorers.com/sports/acrobatics-tumbling/roster
at_0fcda32bcebe,acro_tumbling,2025-26,2026,D1,Women,Atlantic 10 Conference,La Salle,Base,Base,Fr.,Fr,Fr.,Fr.,,international,,0,https://goexplorers.com/sports/acrobatics-tumbling/roster
at_007662f6a7f8,acro_tumbling,2025-26,2026,D1,Women,Atlantic 10 Conference,La Salle,Base/Tumbler,Multi,Fr.,Fr,"Waterford, CT",Waterford,CT,domestic,Waterford High,0,https://goexplorers.com/sports/acrobatics-tumbling/roster
at_1a4c38a5ff20,acro_tumbling,2025-26,2026,D1,Women,Atlantic 10 Conference,La Salle,Base,Base,So.,So,So.,So.,,international,,0,https://goexplorers.com/sports/acrobatics-tumbling/roster
at_68fba6c83f03,acro_tumbling,2025-26,2026,D1,Women,Atlantic 10 Conference,La Salle,Base/Tumbler,Multi,Fr.,Fr,Fr.,Fr.,,international,,0,https://goexplorers.com/sports/acrobatics-tumbling/roster
at_b056667ce6cc,acro_tumbling,2025-26,2026,D1,Women,Atlantic 10 Conference,La Salle,Base,Base,Fr.,Fr,"Franklinville, NJ",Franklinville,NJ,domestic,Delsea Regional,0,https://goexplorers.com/sports/acrobatics-tumbling/roster
at_565f18195ef4,acro_tumbling,2025-26,2026,D1,Women,Atlantic 10 Conference,La Salle,Top/Tumbler,Multi,Fr.,Fr,"Glen Burnie, MD",Glen Burnie,MD,domestic,Annapolis High,0,https://goexplorers.com/sports/acrobatics-tumbling/roster
at_71c4512121da,acro_tumbling,2025-26,2026,D1,Women,Atlantic 10 Conference,La Salle,Top/Base/Tumbler,Multi,Fr.,Fr,"Annapolis, MD",Annapolis,MD,domestic,Annapolis High,0,https://goexplorers.com/sports/acrobatics-tumbling/roster
at_1af53ceda831,acro_tumbling,2025-26,2026,D1,Women,Atlantic 10 Conference,La Salle,Top/Tumbler,Multi,Fr.,Fr,Fr.,Fr.,,international,,0,https://goexplorers.com/sports/acrobatics-tumbling/roster
at_6145dae5aebd,acro_tumbling,2025-26,2026,D1,Women,Atlantic 10 Conference,La Salle,Base/Tumbler,Multi,Fr.,Fr,Fr.,Fr.,,international,,0,https://goexplorers.com/sports/acrobatics-tumbling/roster
at_df12199aeca2,acro_tumbling,2025-26,2026,D1,Women,Atlantic 10 Conference,La Salle,Base/Tumbler Base/Tumbler,Multi,Fr.,Fr,Fr.,Fr.,,international,,0,https://goexplorers.com/sports/acrobatics-tumbling/roster
at_41a9b5ad15fa,acro_tumbling,2025-26,2026,D1,Women,Atlantic 10 Conference,La Salle,Base/Mid Base/Mid,Base,So.,So,So.,So.,,international,,0,https://goexplorers.com/sports/acrobatics-tumbling/roster
at_369741cb313b,acro_tumbling,2025-26,2026,D1,Women,Atlantic 10 Conference,La Salle,Base/Tumbler,Multi,Fr.,Fr,"Peekskill, NY",Peekskill,NY,domestic,Cardinal Spellman High,0,https://goexplorers.com/sports/acrobatics-tumbling/roster
at_146f605b117e,acro_tumbling,2025-26,2026,D1,Women,Northeast Conference,LIU,Top/Tumbler,Multi,Jr.,Jr,"Bethpage, N.Y,",Bethpage,NY,domestic,Island Trees,0,https://www.liuathletics.com/sports/acrobatics-and-tumbling/roster
at_0ea2891914fb,acro_tumbling,2025-26,2026,D1,Women,Northeast Conference,LIU,Base/Tumbler,Multi,So.,So,"Lago Vista, Texas",Lago Vista,TX,domestic,Lago Vista H.S.,0,https://www.liuathletics.com/sports/acrobatics-and-tumbling/roster
at_297a91096837,acro_tumbling,2025-26,2026,D1,Women,Northeast Conference,LIU,Base/Top/Tumbler,Multi,Jr.,Jr,"Kansas City, Mo.",Kansas City,MO,domestic,Park Hill South,0,https://www.liuathletics.com/sports/acrobatics-and-tumbling/roster
at_843b29ef7284,acro_tumbling,2025-26,2026,D1,Women,Northeast Conference,LIU,Top/Tumbler,Multi,Jr.,Jr,"North Vancouver, B.C.",North Vancouver,,international,Carson Graham Secondary,0,https://www.liuathletics.com/sports/acrobatics-and-tumbling/roster
at_1a07e2557921,acro_tumbling,2025-26,2026,D1,Women,Northeast Conference,LIU,Top,Top,Fr.,Fr,"Brooklyn, N.Y.",Brooklyn,NY,domestic,,0,https://www.liuathletics.com/sports/acrobatics-and-tumbling/roster
at_adb79c702f1d,acro_tumbling,2025-26,2026,D1,Women,Northeast Conference,LIU,Top/Tumbler,Multi,Sr.,Sr,"Girona, Catalunya, Spain",Girona,,international,Institut Carles Rahola i Llorens,0,https://www.liuathletics.com/sports/acrobatics-and-tumbling/roster
at_44370af26da0,acro_tumbling,2025-26,2026,D1,Women,Northeast Conference,LIU,Base/Tumbler,Multi,Fr.,Fr,"Middletown, N.J.",Middletown,NJ,domestic,Middletown High School,0,https://www.liuathletics.com/sports/acrobatics-and-tumbling/roster
at_a36ee4d4c871,acro_tumbling,2025-26,2026,D1,Women,Northeast Conference,LIU,Base/Top/Tumbler,Multi,Fr.,Fr,"Duryea, Pa.",Duryea,PA,domestic,Pittston Area H.S.,0,https://www.liuathletics.com/sports/acrobatics-and-tumbling/roster
at_402546ab2c13,acro_tumbling,2025-26,2026,D1,Women,Northeast Conference,LIU,Top/Base/Tumbler,Multi,Fr.,Fr,"Albany, N.Y.",Albany,NY,domestic,Colonie Central H.S.,0,https://www.liuathletics.com/sports/acrobatics-and-tumbling/roster
at_3701906d623f,acro_tumbling,2025-26,2026,D1,Women,Northeast Conference,LIU,Base/Tumbler,Multi,Fr.,Fr,"Danville, Calif.",Danville,CA,domestic,San Ramon Valley H.S.,0,https://www.liuathletics.com/sports/acrobatics-and-tumbling/roster
at_9130553b8c28,acro_tumbling,2025-26,2026,D1,Women,Northeast Conference,LIU,Base/Back/Mid,Base,Sr.,Sr,"Dallas, Texas",Dallas,TX,domestic,,0,https://www.liuathletics.com/sports/acrobatics-and-tumbling/roster
at_2ac43716c51a,acro_tumbling,2025-26,2026,D1,Women,Northeast Conference,LIU,Top/Tumbler,Multi,Fr.,Fr,"South Amboy, N.J.",South Amboy,NJ,domestic,St. Thomas Aquinas H.S.,0,https://www.liuathletics.com/sports/acrobatics-and-tumbling/roster
at_d0588562bb34,acro_tumbling,2025-26,2026,D1,Women,Northeast Conference,LIU,Base/Top/Tumbler,Multi,Jr.,Jr,"Easton, Pa.",Easton,PA,domestic,Notre Dame,0,https://www.liuathletics.com/sports/acrobatics-and-tumbling/roster
at_5ec76d34083f,acro_tumbling,2025-26,2026,D1,Women,Northeast Conference,LIU,Top/Base/Tumbler,Multi,Jr.,Jr,"North Massapequa, N.Y.",North Massapequa,NY,domestic,Plainedge,0,https://www.liuathletics.com/sports/acrobatics-and-tumbling/roster
at_82aa2054ae15,acro_tumbling,2025-26,2026,D1,Women,Northeast Conference,LIU,Base/Tumbler,Multi,Sr.,Sr,"Omaha, Neb.",Omaha,NE,domestic,Millard West,0,https://www.liuathletics.com/sports/acrobatics-and-tumbling/roster
at_65221cbbd93f,acro_tumbling,2025-26,2026,D1,Women,Northeast Conference,LIU,Base/Tumbler,Multi,Sr.,Sr,"Huntington Beach, Calif.",Huntington Beach,CA,domestic,Edison,0,https://www.liuathletics.com/sports/acrobatics-and-tumbling/roster
at_43a1e49dc4d2,acro_tumbling,2025-26,2026,D1,Women,Northeast Conference,LIU,Base/Tumbler,Multi,So.,So,"Bradenton, Florida",Bradenton,FL,domestic,,0,https://www.liuathletics.com/sports/acrobatics-and-tumbling/roster
at_7c443c503709,acro_tumbling,2025-26,2026,D1,Women,Northeast Conference,LIU,Base/Tumbler,Multi,Fr.,Fr,"Tampa, Fla.",Tampa,FL,domestic,Largo H.S.,0,https://www.liuathletics.com/sports/acrobatics-and-tumbling/roster
at_717ea8894fa3,acro_tumbling,2025-26,2026,D1,Women,Northeast Conference,LIU,Base/Tumbler,Multi,Fr.,Fr,"Jacksonville, Fla,",Jacksonville,FL,domestic,Duncan U. Fletcher H.S.,0,https://www.liuathletics.com/sports/acrobatics-and-tumbling/roster
at_7023f7908d2b,acro_tumbling,2025-26,2026,D1,Women,Northeast Conference,LIU,Top,Top,So.,So,So. Northampton Area High,So. Northampton Area High,,international,Northampton Area High,0,https://www.liuathletics.com/sports/acrobatics-and-tumbling/roster
at_9c2e195a7d07,acro_tumbling,2025-26,2026,D1,Women,Northeast Conference,LIU,Top/Tumbler,Multi,Fr.,Fr,"Wantagh, N.Y.",Wantagh,NY,domestic,Gen. Douglas Macarthur H.S.,0,https://www.liuathletics.com/sports/acrobatics-and-tumbling/roster
at_8b0343eddbb3,acro_tumbling,2025-26,2026,D1,Women,Northeast Conference,LIU,Base/Tumbler,Multi,Fr.,Fr,"Dallas, Texas",Dallas,TX,domestic,iUniversity Prep,1,https://www.liuathletics.com/sports/acrobatics-and-tumbling/roster
at_2b60031e0d83,acro_tumbling,2025-26,2026,D1,Women,Northeast Conference,LIU,Base/Tumbler,Multi,Jr.,Jr,"Wallingford, Connecticut",Wallingford,CT,domestic,Lyman Hall,0,https://www.liuathletics.com/sports/acrobatics-and-tumbling/roster
at_274e168a6c0d,acro_tumbling,2025-26,2026,D1,Women,Northeast Conference,LIU,Base,Base,Jr.,Jr,"Brooklyn, N.Y.",Brooklyn,NY,domestic,Brooklyn Institute,0,https://www.liuathletics.com/sports/acrobatics-and-tumbling/roster
at_81f21a3bb42b,acro_tumbling,2025-26,2026,D1,Women,Northeast Conference,LIU,Base/Tumbler,Multi,Fr.,Fr,"Wilbraham, Mass.",Wilbraham,MA,domestic,Wilbraham & Monson Academy,1,https://www.liuathletics.com/sports/acrobatics-and-tumbling/roster
at_faf16cd56c74,acro_tumbling,2025-26,2026,D1,Women,Northeast Conference,LIU,Base,Base,So.,So,"Levittown, New York",Levittown,NY,domestic,,0,https://www.liuathletics.com/sports/acrobatics-and-tumbling/roster
at_190746020be1,acro_tumbling,2025-26,2026,D1,Women,Northeast Conference,LIU,Base,Base,Fr.,Fr,"Toms River, N.J.",Toms River,NJ,domestic,Toms River High School,0,https://www.liuathletics.com/sports/acrobatics-and-tumbling/roster
at_014d4730702f,acro_tumbling,2025-26,2026,D1,Women,Northeast Conference,LIU,Top/Tumbler,Multi,Fr.,Fr,"Phoenix, Ariz.",Phoenix,AZ,domestic,Mountain Ridge H.S.,0,https://www.liuathletics.com/sports/acrobatics-and-tumbling/roster
at_3d608ed35d70,acro_tumbling,2025-26,2026,D1,Women,Northeast Conference,LIU,Top,Top,So.,So,"Dix Hills, N.Y.",Dix Hills,NY,domestic,The Knox School,0,https://www.liuathletics.com/sports/acrobatics-and-tumbling/roster
at_57ff676f38ff,acro_tumbling,2025-26,2026,D1,Women,Metro Atlantic Athletic Conference,Canisius,Top Top,Top,So.,So,"York, Pa.",York,PA,domestic,Maine-Endwell,0,https://gogriffs.com/sports/acrobatics-and-tumbling/roster
at_3144f21e3fc0,acro_tumbling,2025-26,2026,D1,Women,Metro Atlantic Athletic Conference,Canisius,,UNK,Jr.,Jr,"Endwell, N.Y.",Endwell,NY,domestic,Maine-Endwell,0,https://gogriffs.com/sports/acrobatics-and-tumbling/roster
at_e1ec0ce35895,acro_tumbling,2025-26,2026,D1,Women,Metro Atlantic Athletic Conference,Canisius,Top Top,Top,Fr.,Fr,"Wesley Chapel, Fla.",Wesley Chapel,FL,domestic,Wesley Chapel,0,https://gogriffs.com/sports/acrobatics-and-tumbling/roster
at_2754af4a550d,acro_tumbling,2025-26,2026,D1,Women,Metro Atlantic Athletic Conference,Canisius,Base/Tumbler Base/Tumbler,Multi,Fr.,Fr,"Phoenix, Ariz.",Phoenix,AZ,domestic,Betty Fairfax,0,https://gogriffs.com/sports/acrobatics-and-tumbling/roster
at_ef50049c426e,acro_tumbling,2025-26,2026,D1,Women,Metro Atlantic Athletic Conference,Canisius,Base/Tumbler Base/Tumbler,Multi,Fr.,Fr,"East Aurora, N.Y.",East Aurora,NY,domestic,East Aurora,0,https://gogriffs.com/sports/acrobatics-and-tumbling/roster
at_1f4b6db2aa8f,acro_tumbling,2025-26,2026,D1,Women,Metro Atlantic Athletic Conference,Canisius,Top/Tumbler Top/Tumbler,Multi,Fr.,Fr,"Fort Worth, Texas",Fort Worth,TX,domestic,Saginaw,0,https://gogriffs.com/sports/acrobatics-and-tumbling/roster
at_94507d8afda9,acro_tumbling,2025-26,2026,D1,Women,Metro Atlantic Athletic Conference,Canisius,Top/Tumbler Top/Tumbler,Multi,Sr.,Sr,"Austin, Texas",Austin,TX,domestic,Dripping Springs,0,https://gogriffs.com/sports/acrobatics-and-tumbling/roster
at_2d45c8cb4c5c,acro_tumbling,2025-26,2026,D1,Women,Metro Atlantic Athletic Conference,Canisius,Base/Tumbler Base/Tumbler,Multi,Fr.,Fr,"Phoenix, Ariz.",Phoenix,AZ,domestic,Greenway,0,https://gogriffs.com/sports/acrobatics-and-tumbling/roster
at_57032e3beea0,acro_tumbling,2025-26,2026,D1,Women,Metro Atlantic Athletic Conference,Canisius,Tumbler Tumbler,Tumbler,Fr.,Fr,"Newport Beach, Calif.",Newport Beach,CA,domestic,Martin Luther King,0,https://gogriffs.com/sports/acrobatics-and-tumbling/roster
at_7b69013b44c9,acro_tumbling,2025-26,2026,D1,Women,Metro Atlantic Athletic Conference,Canisius,Top/Tumbler Top/Tumbler,Multi,So.,So,"Markham, Ontario",Markham,,international,Bradford District,0,https://gogriffs.com/sports/acrobatics-and-tumbling/roster
at_3c49463d3526,acro_tumbling,2025-26,2026,D1,Women,Metro Atlantic Athletic Conference,Canisius,Top/Tumbler Top/Tumbler,Multi,Fr.,Fr,"Wes Seneca, N.Y.",Wes Seneca,NY,domestic,West Seneca East,0,https://gogriffs.com/sports/acrobatics-and-tumbling/roster
at_fd04d4a5f8f9,acro_tumbling,2025-26,2026,D1,Women,Metro Atlantic Athletic Conference,Canisius,Base/Back Base/Back,Base,Jr.,Jr,"Katy, Texas",Katy,TX,domestic,Paetow,0,https://gogriffs.com/sports/acrobatics-and-tumbling/roster
at_f16b14941cb0,acro_tumbling,2025-26,2026,D1,Women,Metro Atlantic Athletic Conference,Canisius,Top/Tumbler Top/Tumbler,Multi,So.,So,"Vancouver, British Columbia",Vancouver,,international,Nanaimo,0,https://gogriffs.com/sports/acrobatics-and-tumbling/roster
at_4a1c3b4b920b,acro_tumbling,2025-26,2026,D1,Women,Metro Atlantic Athletic Conference,Canisius,,UNK,Fr.,Fr,"Woodhaven, Mich.",Woodhaven,MI,domestic,Woodhaven,0,https://gogriffs.com/sports/acrobatics-and-tumbling/roster
at_9ceba497d25d,acro_tumbling,2025-26,2026,D1,Women,Metro Atlantic Athletic Conference,Canisius,Top/Tumbler Top/Tumbler,Multi,Fr.,Fr,"Medina, Ohio",Medina,OH,domestic,Buckeye,0,https://gogriffs.com/sports/acrobatics-and-tumbling/roster
at_421d1b21c357,acro_tumbling,2025-26,2026,D1,Women,Metro Atlantic Athletic Conference,Canisius,Base Base,Base,Jr.,Jr,"Wales, N.Y.",Wales,NY,domestic,Iroquois,0,https://gogriffs.com/sports/acrobatics-and-tumbling/roster
at_b1d32b57829f,acro_tumbling,2025-26,2026,D1,Women,Metro Atlantic Athletic Conference,Canisius,Base/Tumbler Base/Tumbler,Multi,So.,So,"Saint Clair, Mich.",Saint Clair,MI,domestic,Saint Clair,0,https://gogriffs.com/sports/acrobatics-and-tumbling/roster
at_dd0feffa2cde,acro_tumbling,2025-26,2026,D1,Women,Metro Atlantic Athletic Conference,Canisius,Base Base,Base,So.,So,"Didsbury, Alberta",Didsbury,,international,Olds Koinonia Christian,0,https://gogriffs.com/sports/acrobatics-and-tumbling/roster
at_230dc2aa93c3,acro_tumbling,2025-26,2026,D1,Women,Metro Atlantic Athletic Conference,Canisius,Base/Tumbler Base/Tumbler,Multi,So.,So,"Huntingtown, Md.",Huntingtown,MD,domestic,Huntingtown,0,https://gogriffs.com/sports/acrobatics-and-tumbling/roster
at_986042760cef,acro_tumbling,2025-26,2026,D1,Women,Metro Atlantic Athletic Conference,Canisius,Base Base,Base,Jr.,Jr,"Rochester, N.Y.",Rochester,NY,domestic,Spencerport,0,https://gogriffs.com/sports/acrobatics-and-tumbling/roster
at_9fe37c3da6b8,acro_tumbling,2025-26,2026,D1,Women,Metro Atlantic Athletic Conference,Canisius,Top/Tumbler Top/Tumbler,Multi,Fr.,Fr,"Madison, Conn.",Madison,CT,domestic,Daniel Hand,0,https://gogriffs.com/sports/acrobatics-and-tumbling/roster
at_7fcee35938f7,acro_tumbling,2025-26,2026,D1,Women,Metro Atlantic Athletic Conference,Canisius,Top Top,Top,Sr.,Sr,"Buffalo, N.Y.",Buffalo,NY,domestic,Maryvale,0,https://gogriffs.com/sports/acrobatics-and-tumbling/roster
at_4cdc521d0951,acro_tumbling,2025-26,2026,D1,Women,Metro Atlantic Athletic Conference,Canisius,Base/Tumbler Base/Tumbler,Multi,Fr.,Fr,"Flowood, Mississippi",Flowood,MS,domestic,V.R Eaton,0,https://gogriffs.com/sports/acrobatics-and-tumbling/roster
at_bea67e171176,acro_tumbling,2025-26,2026,D1,Women,Metro Atlantic Athletic Conference,Canisius,Base Base,Base,Fr.,Fr,"Carthage, N.C.",Carthage,NC,domestic,Ascend Leadership Academy,1,https://gogriffs.com/sports/acrobatics-and-tumbling/roster
at_ba499d412916,acro_tumbling,2025-26,2026,D1,Women,Metro Atlantic Athletic Conference,Canisius,Base/Tumbler Base/Tumbler,Multi,Jr.,Jr,"Manvel, Texas",Manvel,TX,domestic,Manvel,0,https://gogriffs.com/sports/acrobatics-and-tumbling/roster
at_b0619e405d42,acro_tumbling,2025-26,2026,D1,Women,Metro Atlantic Athletic Conference,Canisius,Base/Tumbler Base/Tumbler,Multi,Sr.,Sr,"Lancaster, N.Y.",Lancaster,NY,domestic,Lancaster,0,https://gogriffs.com/sports/acrobatics-and-tumbling/roster
at_f51172bd5218,acro_tumbling,2025-26,2026,D1,Women,Big South Conference,Presbyterian,Top/Tumb.,Top,So.,So,"McDonald, Pa.",McDonald,PA,domestic,South Fayette Township,0,https://gobluehose.com/sports/acrobatics-tumbling/roster
at_320ab38e6539,acro_tumbling,2025-26,2026,D1,Women,Big South Conference,Presbyterian,Top/Tumb.,Top,Jr.,Jr,"Austin, Texas",Austin,TX,domestic,Lake Travis,0,https://gobluehose.com/sports/acrobatics-tumbling/roster
at_868fd548b05f,acro_tumbling,2025-26,2026,D1,Women,Big South Conference,Presbyterian,Base/Top/Tumb.,Multi,Jr.,Jr,"Marriottsville, Md.",Marriottsville,MD,domestic,Liberty,0,https://gobluehose.com/sports/acrobatics-tumbling/roster
at_37893a4b851c,acro_tumbling,2025-26,2026,D1,Women,Big South Conference,Presbyterian,Top/Tumb.,Top,Fr.,Fr,"Glen Mills, Pa.",Glen Mills,PA,domestic,Archmere Academy,1,https://gobluehose.com/sports/acrobatics-tumbling/roster
at_859896dc3840,acro_tumbling,2025-26,2026,D1,Women,Big South Conference,Presbyterian,Top,Top,So.,So,"Sacramento, Calif.",Sacramento,CA,domestic,Converse University,0,https://gobluehose.com/sports/acrobatics-tumbling/roster
at_a23bfcdb509e,acro_tumbling,2025-26,2026,D1,Women,Big South Conference,Presbyterian,Base,Base,Jr.,Jr,"West Columbia, S.C.",West Columbia,SC,domestic,Airport,0,https://gobluehose.com/sports/acrobatics-tumbling/roster
at_fcba37e7cbe5,acro_tumbling,2025-26,2026,D1,Women,Big South Conference,Presbyterian,Base/Top/Tumb.,Multi,Jr.,Jr,"Acworth, Ga.",Acworth,GA,domestic,Etowah,0,https://gobluehose.com/sports/acrobatics-tumbling/roster
at_c026aad364bd,acro_tumbling,2025-26,2026,D1,Women,Big South Conference,Presbyterian,Top/Tumb.,Top,Fr.,Fr,"Rock Hill, S.C.",Rock Hill,SC,domestic,Legion Collegiate,0,https://gobluehose.com/sports/acrobatics-tumbling/roster
at_221e46f8e7ef,acro_tumbling,2025-26,2026,D1,Women,Big South Conference,Presbyterian,Base/Tumb.,Base,Jr.,Jr,"Lynchburg, Va.",Lynchburg,VA,domestic,Liberty Christian,0,https://gobluehose.com/sports/acrobatics-tumbling/roster
at_6b57305cb49f,acro_tumbling,2025-26,2026,D1,Women,Big South Conference,Presbyterian,Base/Tumb/,Base,Jr.,Jr,"Palatine, Ill.",Palatine,IL,domestic,William Fremd,0,https://gobluehose.com/sports/acrobatics-tumbling/roster
at_7c40d1ce5975,acro_tumbling,2025-26,2026,D1,Women,Big South Conference,Presbyterian,Base/Tumb.,Base,Jr.,Jr,"Miami, Fla.",Miami,FL,domestic,FLVS,0,https://gobluehose.com/sports/acrobatics-tumbling/roster
at_6e6567df7d91,acro_tumbling,2025-26,2026,D1,Women,Big South Conference,Presbyterian,Base,Base,Jr.,Jr,"Spartanburg, S.C.",Spartanburg,SC,domestic,Broome,0,https://gobluehose.com/sports/acrobatics-tumbling/roster
at_4dc2bf686716,acro_tumbling,2025-26,2026,D1,Women,Big South Conference,Presbyterian,Base/Top/Tumb.,Multi,Fr.,Fr,"Woodstock, Ga.",Woodstock,GA,domestic,Fellowship Christian,0,https://gobluehose.com/sports/acrobatics-tumbling/roster
at_f1cfedb36628,acro_tumbling,2025-26,2026,D1,Women,Big South Conference,Presbyterian,Top/Tumb.,Top,So.,So,"Corona, Calif.",Corona,CA,domestic,Santiago,0,https://gobluehose.com/sports/acrobatics-tumbling/roster
at_cffda016885e,acro_tumbling,2025-26,2026,D1,Women,Big South Conference,Presbyterian,Base/Top/Tumb.,Multi,Jr.,Jr,"Tyler, Texas",Tyler,TX,domestic,Cumberland Academy,1,https://gobluehose.com/sports/acrobatics-tumbling/roster
at_2f1566280773,acro_tumbling,2025-26,2026,D1,Women,Big South Conference,Presbyterian,Base/Tumb.,Base,So.,So,"Indianapolis, Ind.",Indianapolis,IN,domestic,Greenfield-Central,0,https://gobluehose.com/sports/acrobatics-tumbling/roster
at_d0cf306758b8,acro_tumbling,2025-26,2026,D1,Women,Big South Conference,Presbyterian,Base/Tumb.,Base,Sr.,Sr,"Helena, Ala.",Helena,AL,domestic,Helena HS,0,https://gobluehose.com/sports/acrobatics-tumbling/roster
at_a7bc91c1dc5d,acro_tumbling,2025-26,2026,D1,Women,Big South Conference,Presbyterian,Base/Tumb.,Base,Jr.,Jr,"Saline, Mich.",Saline,MI,domestic,Saline,0,https://gobluehose.com/sports/acrobatics-tumbling/roster
at_4af5404e13fa,acro_tumbling,2025-26,2026,D1,Women,Big South Conference,Presbyterian,Base/Tumb.,Base,Jr.,Jr,"Meridian, Idaho",Meridian,ID,domestic,Mountain View,0,https://gobluehose.com/sports/acrobatics-tumbling/roster
at_ea5239581d62,acro_tumbling,2025-26,2026,D1,Women,Big South Conference,Presbyterian,Base,Base,Fr.,Fr,"Seymour, Ind.",Seymour,IN,domestic,Seymour,0,https://gobluehose.com/sports/acrobatics-tumbling/roster
at_dc53200042ee,acro_tumbling,2025-26,2026,D1,Women,Big South Conference,Presbyterian,Base/Tumb.,Base,Fr.,Fr,"Melbourne, Fla.",Melbourne,FL,domestic,Viera,0,https://gobluehose.com/sports/acrobatics-tumbling/roster
at_e4d43cfd18d3,acro_tumbling,2025-26,2026,D1,Women,Big South Conference,Presbyterian,Base/Tumb.,Base,So.,So,"Belton, S.C.",Belton,SC,domestic,White Knoll,0,https://gobluehose.com/sports/acrobatics-tumbling/roster
at_1613e7ef21e9,acro_tumbling,2025-26,2026,D1,Women,Big South Conference,Presbyterian,Top,Top,Fr.,Fr,"Coram, N.Y.",Coram,NY,domestic,Longwood Senior,0,https://gobluehose.com/sports/acrobatics-tumbling/roster
at_e79508052b4f,acro_tumbling,2025-26,2026,D1,Women,Big South Conference,Presbyterian,Base/Tumb.,Base,So.,So,"Columbia, S.C.",Columbia,SC,domestic,Gray Collegiate,0,https://gobluehose.com/sports/acrobatics-tumbling/roster
at_f94cb73d3e09,acro_tumbling,2025-26,2026,D1,Women,Big South Conference,Presbyterian,Base/Tumb.,Base,Fr.,Fr,"Simpsonville, S.C.",Simpsonville,SC,domestic,Hillcrest,0,https://gobluehose.com/sports/acrobatics-tumbling/roster
at_7c65fc17de4a,acro_tumbling,2025-26,2026,D1,Women,Big South Conference,Presbyterian,Base,Base,So.,So,"West Columbia, S.C.",West Columbia,SC,domestic,Airport,0,https://gobluehose.com/sports/acrobatics-tumbling/roster
at_dcc191b2f5db,acro_tumbling,2025-26,2026,D1,Women,Big South Conference,Presbyterian,Base/Tumb.,Base,Fr.,Fr,"Morganville, N.J.",Morganville,NJ,domestic,Marlboro,0,https://gobluehose.com/sports/acrobatics-tumbling/roster
at_defccd2147dc,acro_tumbling,2025-26,2026,D1,Women,Big South Conference,Presbyterian,Base,Base,Fr.,Fr,"Watkinsville, Ga.",Watkinsville,GA,domestic,Oconee County,0,https://gobluehose.com/sports/acrobatics-tumbling/roster
