athlete_id,sport,athletic_year,season,division,gender,conference,school,position_raw,position_group,class_year_raw,class_standing,hometown_raw,hometown_city,hometown_state,origin,high_school,high_school_is_academy,source_url
bvb_6e197fbbefe3,beach_volleyball,2025-26,2026,D2,Women,Lone Star Conference,Texas A&M Kingsville,Blocker,Player,So.,So,"Corpus Christi, TX",Corpus Christi,TX,domestic,Calallen HS,0,https://javelinaathletics.com/sports/womens-beach-volleyball/roster/2026
bvb_5086e24e5818,beach_volleyball,2025-26,2026,D2,Women,Lone Star Conference,Texas A&M Kingsville,"5'9""",Player,Jr.,Jr,"Corpus Christi, TX",Corpus Christi,TX,domestic,Flour Bluff HS,0,https://javelinaathletics.com/sports/womens-beach-volleyball/roster/2026
bvb_f9caca90d376,beach_volleyball,2025-26,2026,D2,Women,Lone Star Conference,Texas A&M Kingsville,"5'3""",Player,Sr.,Sr,"Richmond, TX",Richmond,TX,domestic,Foster HS,0,https://javelinaathletics.com/sports/womens-beach-volleyball/roster/2026
bvb_8a87b2bae7b5,beach_volleyball,2025-26,2026,D2,Women,Lone Star Conference,Texas A&M Kingsville,"5'10""",Player,Jr.,Jr,"Santander, Spain",Santander,,international,IES El Astillero,0,https://javelinaathletics.com/sports/womens-beach-volleyball/roster/2026
bvb_5d2062af743a,beach_volleyball,2025-26,2026,D2,Women,Lone Star Conference,Texas A&M Kingsville,"5'9""",Player,Sr.,Sr,"Chico, CA",Chico,CA,domestic,Pleasant Valley HS,0,https://javelinaathletics.com/sports/womens-beach-volleyball/roster/2026
bvb_a4e5cd3793b3,beach_volleyball,2025-26,2026,D2,Women,Lone Star Conference,Texas A&M Kingsville,"5'10""",Player,Jr.,Jr,"Santander, Spain",Santander,,international,IES Pena Castillo,0,https://javelinaathletics.com/sports/womens-beach-volleyball/roster/2026
bvb_70c807b9f8b9,beach_volleyball,2025-26,2026,D2,Women,Lone Star Conference,Texas A&M Kingsville,"5'8""",Player,So.,So,"League City, TX",League City,TX,domestic,Clear Creek HS,0,https://javelinaathletics.com/sports/womens-beach-volleyball/roster/2026
bvb_8a1f408811c4,beach_volleyball,2025-26,2026,D2,Women,Lone Star Conference,Texas A&M Kingsville,Blocker,Player,So.,So,"El Paso, TX",El Paso,TX,domestic,Coronado HS,0,https://javelinaathletics.com/sports/womens-beach-volleyball/roster/2026
bvb_e8499a2cbb70,beach_volleyball,2025-26,2026,D2,Women,Lone Star Conference,Texas A&M Kingsville,"5'9""",Player,Jr.,Jr,"Glendale, AZ",Glendale,AZ,domestic,Sandra Day O'Connor HS,0,https://javelinaathletics.com/sports/womens-beach-volleyball/roster/2026
bvb_db6a21675084,beach_volleyball,2025-26,2026,D2,Women,Lone Star Conference,Texas A&M Kingsville,"5'10""",Player,Fr.,Fr,"Seguin, TX",Seguin,TX,domestic,Navarro HS,0,https://javelinaathletics.com/sports/womens-beach-volleyball/roster/2026
bvb_c74bfacedb6e,beach_volleyball,2025-26,2026,D2,Women,Lone Star Conference,Texas A&M Kingsville,"5'9""",Player,Sr.,Sr,"New Braunfels, TX",New Braunfels,TX,domestic,Navarro HS,0,https://javelinaathletics.com/sports/womens-beach-volleyball/roster/2026
bvb_d7ae32820e6e,beach_volleyball,2025-26,2026,D2,Women,Lone Star Conference,Texas A&M Kingsville,Split,Player,So.,So,"Bakersfield, CA",Bakersfield,CA,domestic,Liberty HS,0,https://javelinaathletics.com/sports/womens-beach-volleyball/roster/2026
bvb_9baffc201cc0,beach_volleyball,2025-26,2026,D2,Women,Lone Star Conference,Texas A&M Kingsville,"5'5""",Player,So.,So,"LaVernia, TX",LaVernia,TX,domestic,LaVernia HS,0,https://javelinaathletics.com/sports/womens-beach-volleyball/roster/2026
bvb_d9d446b38366,beach_volleyball,2025-26,2026,D2,Women,Lone Star Conference,Texas A&M Kingsville,"5'11""",Player,Sr.,Sr,"Greenwood Village, CO",Greenwood Village,CO,domestic,Cherry Creek HS,0,https://javelinaathletics.com/sports/womens-beach-volleyball/roster/2026
bvb_2d2ce930b525,beach_volleyball,2025-26,2026,D2,Women,Sunshine State Conference,Barry,"5'5""",Player,Jr.,Jr,"Phoenix, AZ",Phoenix,AZ,domestic,Horizon HS,0,https://gobarrybucs.com/sports/beach-volleyball/roster/2026
bvb_d57c0bdc6d9d,beach_volleyball,2025-26,2026,D2,Women,Sunshine State Conference,Barry,"5'8""",Player,Fr.,Fr,"Tampa, FL",Tampa,FL,domestic,Tampa Catholic,0,https://gobarrybucs.com/sports/beach-volleyball/roster/2026
bvb_5ad0118464d3,beach_volleyball,2025-26,2026,D2,Women,Sunshine State Conference,Barry,"5'7""",Player,Jr.,Jr,"Caracas, Venezuela",Caracas,,international,Cypress Bay (FL) HS,0,https://gobarrybucs.com/sports/beach-volleyball/roster/2026
bvb_37022352970a,beach_volleyball,2025-26,2026,D2,Women,Sunshine State Conference,Barry,"5'5""",Player,So.,So,"Wonder Lake, Illinois",Wonder Lake,IL,domestic,Woodstock North HS,0,https://gobarrybucs.com/sports/beach-volleyball/roster/2026
bvb_328fd3492046,beach_volleyball,2025-26,2026,D2,Women,Sunshine State Conference,Barry,"5'7""",Player,Fr.,Fr,"Fort Lauderdale, FL",Fort Lauderdale,FL,domestic,Calvary Christian,0,https://gobarrybucs.com/sports/beach-volleyball/roster/2026
bvb_4d0a43c9fa1b,beach_volleyball,2025-26,2026,D2,Women,Sunshine State Conference,Barry,"5'4""",Player,So.,So,"Wonder Lake, Illinois",Wonder Lake,IL,domestic,Woodstock North HS,0,https://gobarrybucs.com/sports/beach-volleyball/roster/2026
bvb_bc1bc349d56d,beach_volleyball,2025-26,2026,D2,Women,Sunshine State Conference,Barry,"5'5""",Player,So.,So,"Chicago, Illinois",Chicago,IL,domestic,Lane Tech College Prep,1,https://gobarrybucs.com/sports/beach-volleyball/roster/2026
bvb_b09acb27d357,beach_volleyball,2025-26,2026,D2,Women,Sunshine State Conference,Barry,"5'4""",Player,So.,So,"Hartland, Mchigan",Hartland,,international,Hartland HS,0,https://gobarrybucs.com/sports/beach-volleyball/roster/2026
bvb_f1b23d23b35c,beach_volleyball,2025-26,2026,D2,Women,Sunshine State Conference,Barry,"5'7""",Player,So.,So,"Miami, FL",Miami,FL,domestic,John A. Ferguson HS,0,https://gobarrybucs.com/sports/beach-volleyball/roster/2026
bvb_5146fc8a9ec9,beach_volleyball,2025-26,2026,D2,Women,Sunshine State Conference,Barry,"5'9""",Player,Fr.,Fr,"Cherry Hills Village, CO",Cherry Hills Village,CO,domestic,Cherry Creek HS,0,https://gobarrybucs.com/sports/beach-volleyball/roster/2026
bvb_9cad5c5389b3,beach_volleyball,2025-26,2026,D2,Women,Sunshine State Conference,Barry,"5'10""",Player,Jr.,Jr,"São José dos Campos, Brazil",São José dos Campos,,international,Knoxville Catholic,0,https://gobarrybucs.com/sports/beach-volleyball/roster/2026
bvb_ed99090240db,beach_volleyball,2025-26,2026,D2,Women,Sunshine State Conference,Barry,"5'8""",Player,Fr.,Fr,"Boca Raton, FL",Boca Raton,FL,domestic,West Boca Raton HS,0,https://gobarrybucs.com/sports/beach-volleyball/roster/2026
bvb_7b8bdd82d1b8,beach_volleyball,2025-26,2026,D2,Women,Sunshine State Conference,Barry,"5'2""",Player,So.,So,"Coral Springs, FL",Coral Springs,FL,domestic,Coral Glades HS,0,https://gobarrybucs.com/sports/beach-volleyball/roster/2026
bvb_05a5996810fb,beach_volleyball,2025-26,2026,D2,Women,Sunshine State Conference,Barry,"5'6""",Player,Sr.,Sr,"Vega Baja, PR",Vega Baja,PR,domestic,FIU,0,https://gobarrybucs.com/sports/beach-volleyball/roster/2026
bvb_ebb3241aa8b5,beach_volleyball,2025-26,2026,D2,Women,California Collegiate Athletic Association,Cal State LA,"5'9""",Player,Fr.,Fr,"Appleton, Wisconsin",Appleton,WI,domestic,Appleton North HS,0,https://lagoldeneagles.com/sports/womens-beach-volleyball/roster/2026
bvb_eab2d5110366,beach_volleyball,2025-26,2026,D2,Women,California Collegiate Athletic Association,Cal State LA,"5'2""",Player,Fr.,Fr,Temecula,Temecula,,international,Temecula Valley HS,0,https://lagoldeneagles.com/sports/womens-beach-volleyball/roster/2026
bvb_940defaab1ab,beach_volleyball,2025-26,2026,D2,Women,California Collegiate Athletic Association,Cal State LA,"5'4""",Player,So.,So,"Fort Worth, Texas",Fort Worth,TX,domestic,Paschal HS,0,https://lagoldeneagles.com/sports/womens-beach-volleyball/roster/2026
bvb_b33eb30ad415,beach_volleyball,2025-26,2026,D2,Women,California Collegiate Athletic Association,Cal State LA,"5'9""",Player,Jr.,Jr,Long Beach,Long Beach,,international,Lakewood HS,0,https://lagoldeneagles.com/sports/womens-beach-volleyball/roster/2026
bvb_2866816651c5,beach_volleyball,2025-26,2026,D2,Women,California Collegiate Athletic Association,Cal State LA,"5'8""",Player,Sr.,Sr,Manteca,Manteca,,international,Manteca HS,0,https://lagoldeneagles.com/sports/womens-beach-volleyball/roster/2026
bvb_5315e17f2dd1,beach_volleyball,2025-26,2026,D2,Women,California Collegiate Athletic Association,Cal State LA,"5'6""",Player,Fr.,Fr,Eastvale,Eastvale,,international,Los Osos HS,0,https://lagoldeneagles.com/sports/womens-beach-volleyball/roster/2026
bvb_41239c0f28b2,beach_volleyball,2025-26,2026,D2,Women,California Collegiate Athletic Association,Cal State LA,"5'2""",Player,Jr.,Jr,"Rio de Janeiro, Brazil",Rio de Janeiro,,international,Central Educacional Espaco Integrado,0,https://lagoldeneagles.com/sports/womens-beach-volleyball/roster/2026
bvb_0ac1f8ea91f1,beach_volleyball,2025-26,2026,D2,Women,California Collegiate Athletic Association,Cal State LA,"6'0""",Player,So.,So,Canyon Lake,Canyon Lake,,international,Elsinore HS,0,https://lagoldeneagles.com/sports/womens-beach-volleyball/roster/2026
bvb_bb2595f3d173,beach_volleyball,2025-26,2026,D2,Women,California Collegiate Athletic Association,Cal State LA,"5'10""",Player,Jr.,Jr,Palmdale,Palmdale,,international,Knight HS,0,https://lagoldeneagles.com/sports/womens-beach-volleyball/roster/2026
bvb_590f2e4b923e,beach_volleyball,2025-26,2026,D2,Women,California Collegiate Athletic Association,Cal State LA,"5'10""",Player,Fr.,Fr,Riverside,Riverside,,international,Orange Vista HS,0,https://lagoldeneagles.com/sports/womens-beach-volleyball/roster/2026
bvb_9554c5ebd34c,beach_volleyball,2025-26,2026,D2,Women,California Collegiate Athletic Association,Cal State LA,"5'10""",Player,Fr.,Fr,"Bielsko-Biala, Poland",Bielsko-Biala,,international,Nicolaus Copernicus,0,https://lagoldeneagles.com/sports/womens-beach-volleyball/roster/2026
bvb_2e8f75d44e60,beach_volleyball,2025-26,2026,D2,Women,California Collegiate Athletic Association,Cal State LA,"5'8""",Player,Fr.,Fr,Lancaster,Lancaster,,international,Quartz Hill HS,0,https://lagoldeneagles.com/sports/womens-beach-volleyball/roster/2026
bvb_96632b518048,beach_volleyball,2025-26,2026,D2,Women,California Collegiate Athletic Association,Cal State LA,"5'10""",Player,Fr.,Fr,"Vega Baja, Puerto Rico",Vega Baja,PR,domestic,Portola HS,0,https://lagoldeneagles.com/sports/womens-beach-volleyball/roster/2026
bvb_72b20e3abb22,beach_volleyball,2025-26,2026,D2,Women,California Collegiate Athletic Association,Cal State LA,"5'10""",Player,So.,So,"Appleton, Wisconsin",Appleton,WI,domestic,Appleton North HS,0,https://lagoldeneagles.com/sports/womens-beach-volleyball/roster/2026
bvb_321354c9754f,beach_volleyball,2025-26,2026,D2,Women,California Collegiate Athletic Association,Cal State LA,"6'0""",Player,Fr.,Fr,"Albuquerque, New Mexico",Albuquerque,NM,domestic,La Cueva HS,0,https://lagoldeneagles.com/sports/womens-beach-volleyball/roster/2026
bvb_6de6b6540840,beach_volleyball,2025-26,2026,D2,Women,California Collegiate Athletic Association,Cal State LA,"5'8""",Player,Jr.,Jr,Sacramento,Sacramento,,international,Pleasant Grove HS,0,https://lagoldeneagles.com/sports/womens-beach-volleyball/roster/2026
bvb_1b836184b427,beach_volleyball,2025-26,2026,D2,Women,California Collegiate Athletic Association,Cal State LA,"5'9""",Player,Fr.,Fr,San Diego,San Diego,,international,Scripps Ranch HS,0,https://lagoldeneagles.com/sports/womens-beach-volleyball/roster/2026
bvb_379e23c6d3f5,beach_volleyball,2025-26,2026,D2,Women,California Collegiate Athletic Association,Cal State LA,"6'1""",Player,Sr.,Sr,"Istanbul, Turkey",Istanbul,,international,Acarkent Doga HS,0,https://lagoldeneagles.com/sports/womens-beach-volleyball/roster/2026
bvb_b0f3d3c87e22,beach_volleyball,2025-26,2026,D2,Women,Pacific West Conference,Chaminade,"5'9""",Player,Fr.,Fr,"Kapolei, O'ahu, Hawai'i",Kapolei,HI,domestic,Hanalani,0,https://goswords.com/sports/beach-volleyball/roster/2026
bvb_1128e103e0f9,beach_volleyball,2025-26,2026,D2,Women,Pacific West Conference,Chaminade,"6'1""",Player,So.,So,"Phoenix, Ariz.",Phoenix,AZ,domestic,Sandra Day O'Connor,0,https://goswords.com/sports/beach-volleyball/roster/2026
bvb_8882f09c14af,beach_volleyball,2025-26,2026,D2,Women,Pacific West Conference,Chaminade,"6'3""",Player,Fr.,Fr,"Nowa Ruda, Poland",Nowa Ruda,,international,Il L.O. Wroclaw,0,https://goswords.com/sports/beach-volleyball/roster/2026
bvb_7e6b5c568b4b,beach_volleyball,2025-26,2026,D2,Women,Pacific West Conference,Chaminade,"6'3""",Player,Fr.,Fr,"Wiesbaden, Germany",Wiesbaden,,international,Elly-Heuss School,0,https://goswords.com/sports/beach-volleyball/roster/2026
bvb_f99495223796,beach_volleyball,2025-26,2026,D2,Women,Pacific West Conference,Chaminade,"6'2""",Player,R-Fr.,Fr,"Nampa, Idaho",Nampa,ID,domestic,Nampa,0,https://goswords.com/sports/beach-volleyball/roster/2026
bvb_786ae43e6f74,beach_volleyball,2025-26,2026,D2,Women,Pacific West Conference,Chaminade,"5'9""",Player,So.,So,"Bamberg, Bavaria, Germany",Bamberg,,international,Maximillian-von-Montgelas Gymnasium Vilsbiburg,0,https://goswords.com/sports/beach-volleyball/roster/2026
bvb_831a65b48184,beach_volleyball,2025-26,2026,D2,Women,Pacific West Conference,Chaminade,"5'8""",Player,Fr.,Fr,"Wailuku, Maui, Hawai'i",Wailuku,HI,domestic,Baldwin,0,https://goswords.com/sports/beach-volleyball/roster/2026
bvb_8ec67bb68be7,beach_volleyball,2025-26,2026,D2,Women,Pacific West Conference,Chaminade,"6'1""",Player,Jr.,Jr,"Spokane, Wash.",Spokane,WA,domestic,Mt. Spokane,0,https://goswords.com/sports/beach-volleyball/roster/2026
bvb_09fcbd4074b0,beach_volleyball,2025-26,2026,D2,Women,Pacific West Conference,Chaminade,"5'10""",Player,So.,So,"Denver, Colo.",Denver,CO,domestic,Denver School,0,https://goswords.com/sports/beach-volleyball/roster/2026
bvb_924f7b12a4eb,beach_volleyball,2025-26,2026,D2,Women,Pacific West Conference,Chaminade,"6'0""",Player,Jr.,Jr,"Fort Collins, Colo.",Fort Collins,CO,domestic,Liberty Commons,0,https://goswords.com/sports/beach-volleyball/roster/2026
bvb_48293db457fa,beach_volleyball,2025-26,2026,D2,Women,Pacific West Conference,Chaminade,"6'2""",Player,So.,So,"Spicewood, Texas",Spicewood,TX,domestic,Lake Travis,0,https://goswords.com/sports/beach-volleyball/roster/2026
bvb_67ceb20b883d,beach_volleyball,2025-26,2026,D2,Women,Pacific West Conference,Chaminade,"5'9""",Player,Jr.,Jr,"Santa Fe, Argentina",Santa Fe,,international,San Eugenio,0,https://goswords.com/sports/beach-volleyball/roster/2026
bvb_35ae5cbb4891,beach_volleyball,2025-26,2026,D2,Women,Pacific West Conference,Chaminade,"5'10""",Player,Sr.,Sr,"Gilbert, Ariz.",Gilbert,AZ,domestic,Perry,0,https://goswords.com/sports/beach-volleyball/roster/2026
bvb_ef2d7fe1d22a,beach_volleyball,2025-26,2026,D2,Women,Pacific West Conference,Chaminade,"6'2""",Player,Sr.,Sr,"Waianae, O'ahu, Hawai'i",Waianae,HI,domestic,Kapolei,0,https://goswords.com/sports/beach-volleyball/roster/2026
bvb_28a087ebb3f3,beach_volleyball,2025-26,2026,D2,Women,Pacific West Conference,Chaminade,"5'10""",Player,Jr.,Jr,"Carlsbad, Calif.",Carlsbad,CA,domestic,Pacific Ridge,0,https://goswords.com/sports/beach-volleyball/roster/2026
bvb_745f41b069fa,beach_volleyball,2025-26,2026,D2,Women,Pacific West Conference,Chaminade,"6'1""",Player,Jr.,Jr,"Leander, Texas",Leander,TX,domestic,Rouse,0,https://goswords.com/sports/beach-volleyball/roster/2026
bvb_18945717b820,beach_volleyball,2025-26,2026,D2,Women,Pacific West Conference,Chaminade,"5'4""",Player,So.,So,"Mililani, O'ahu, Hawai'i",Mililani,HI,domestic,Mililani,0,https://goswords.com/sports/beach-volleyball/roster/2026
bvb_005ce21ecb9d,beach_volleyball,2025-26,2026,D2,Women,Pacific West Conference,Chaminade,"5'1""",Player,Jr.,Jr,"Honolulu, O'ahu, Hawai'i",Honolulu,HI,domestic,Moanalua,0,https://goswords.com/sports/beach-volleyball/roster/2026
bvb_d5428ea0cbc2,beach_volleyball,2025-26,2026,D2,Women,Pacific West Conference,Chaminade,"5'5""",Player,Sr.,Sr,"Pago Pago, American Samoa",Pago Pago,,international,Liberty North (Mo.),0,https://goswords.com/sports/beach-volleyball/roster/2026
bvb_f40b8a4ac5d0,beach_volleyball,2025-26,2026,D2,Women,Pacific West Conference,Chaminade,"6'1""",Player,Fr.,Fr,"Corona, Calif.",Corona,CA,domestic,Orange Lutheran,0,https://goswords.com/sports/beach-volleyball/roster/2026
bvb_eb4f8251e080,beach_volleyball,2025-26,2026,D2,Women,South Atlantic Conference,Catawba,,Player,Jr.,Jr,Caracas. Venezuela,Caracas. Venezuela,,international,South Mecklenburg HS,0,https://catawbaathletics.com/sports/womens-beach-volleyball/roster/2026
bvb_cba1b750b7dd,beach_volleyball,2025-26,2026,D2,Women,South Atlantic Conference,Catawba,,Player,Fr.,Fr,"Kernersville, N.C.",Kernersville,NC,domestic,East Forsyth HS,0,https://catawbaathletics.com/sports/womens-beach-volleyball/roster/2026
bvb_2c91b2c2b73b,beach_volleyball,2025-26,2026,D2,Women,South Atlantic Conference,Catawba,,Player,Fr.,Fr,Troutman. N.C.,Troutman. N.C.,,international,South Iredell HS,0,https://catawbaathletics.com/sports/womens-beach-volleyball/roster/2026
bvb_c04a294c34ab,beach_volleyball,2025-26,2026,D2,Women,South Atlantic Conference,Catawba,,Player,Sr.,Sr,"Woods Cross, Utah",Woods Cross,UT,domestic,Woods Cross HS,0,https://catawbaathletics.com/sports/womens-beach-volleyball/roster/2026
bvb_4d1cd4283b33,beach_volleyball,2025-26,2026,D2,Women,South Atlantic Conference,Catawba,,Player,Sr.,Sr,"Fort Lauderdale, Fla.",Fort Lauderdale,FL,domestic,Fort Lauderdale HS,0,https://catawbaathletics.com/sports/womens-beach-volleyball/roster/2026
bvb_94c22354f889,beach_volleyball,2025-26,2026,D2,Women,South Atlantic Conference,Catawba,,Player,Fr.,Fr,"Winchester, Va.",Winchester,VA,domestic,Millbrook HS,0,https://catawbaathletics.com/sports/womens-beach-volleyball/roster/2026
bvb_2e93601f0f3a,beach_volleyball,2025-26,2026,D2,Women,South Atlantic Conference,Catawba,,Player,Gr.,Gr,"Price, Utah",Price,UT,domestic,Carbon HS,0,https://catawbaathletics.com/sports/womens-beach-volleyball/roster/2026
bvb_a922aaddf420,beach_volleyball,2025-26,2026,D2,Women,South Atlantic Conference,Catawba,,Player,Fr.,Fr,"Cary, N.C.",Cary,NC,domestic,Thales Academy,1,https://catawbaathletics.com/sports/womens-beach-volleyball/roster/2026
bvb_07c416be17fc,beach_volleyball,2025-26,2026,D2,Women,South Atlantic Conference,Catawba,,Player,Jr.,Jr,"Riga, Latvia",Riga,,international,Riga State Gymnasium no 2,0,https://catawbaathletics.com/sports/womens-beach-volleyball/roster/2026
bvb_b0811ca6d6dd,beach_volleyball,2025-26,2026,D2,Women,South Atlantic Conference,Catawba,,Player,Jr.,Jr,"Belo Horizonte, Brazil",Belo Horizonte,,international,Colégio Pinheiro Guimarães,0,https://catawbaathletics.com/sports/womens-beach-volleyball/roster/2026
bvb_20228df9d593,beach_volleyball,2025-26,2026,D2,Women,South Atlantic Conference,Catawba,,Player,Sr.,Sr,"Fort Collins, Colo.",Fort Collins,CO,domestic,Fort Collins HS,0,https://catawbaathletics.com/sports/womens-beach-volleyball/roster/2026
bvb_0b6dc7d3d260,beach_volleyball,2025-26,2026,D2,Women,South Atlantic Conference,Catawba,,Player,Fr.,Fr,"Appomattox, Va.",Appomattox,VA,domestic,Appomattox County HS,0,https://catawbaathletics.com/sports/womens-beach-volleyball/roster/2026
bvb_364c78676b90,beach_volleyball,2025-26,2026,D2,Women,South Atlantic Conference,Catawba,,Player,Sr.,Sr,"Savannah, Ga.",Savannah,GA,domestic,Calvary Day,0,https://catawbaathletics.com/sports/womens-beach-volleyball/roster/2026
bvb_44d17af55baa,beach_volleyball,2025-26,2026,D2,Women,South Atlantic Conference,Catawba,,Player,Gr.,Gr,"Greenville, N.C.",Greenville,NC,domestic,South Central HS,0,https://catawbaathletics.com/sports/womens-beach-volleyball/roster/2026
bvb_f879be3661a4,beach_volleyball,2025-26,2026,D2,Women,South Atlantic Conference,Catawba,,Player,Sr.,Sr,"Winter Springs, Fla.",Winter Springs,FL,domestic,International Community School,0,https://catawbaathletics.com/sports/womens-beach-volleyball/roster/2026
bvb_082053a4941a,beach_volleyball,2025-26,2026,D2,Women,South Atlantic Conference,Catawba,,Player,Jr.,Jr,"Orlando, Fla.",Orlando,FL,domestic,Homeschool,1,https://catawbaathletics.com/sports/womens-beach-volleyball/roster/2026
bvb_70a5036637fd,beach_volleyball,2025-26,2026,D2,Women,Sunshine State Conference,Eckerd,"5'8""",Player,Sr.,Sr,"Cypress, Texas",Cypress,TX,domestic,Bridgeland,0,https://eckerdtritons.com/sports/womens-beach-volleyball/roster/2026
bvb_2c6e8b217d9a,beach_volleyball,2025-26,2026,D2,Women,Sunshine State Conference,Eckerd,"5'8""",Player,Sr.,Sr,"Apex, N.C.",Apex,NC,domestic,Apex Friendship,0,https://eckerdtritons.com/sports/womens-beach-volleyball/roster/2026
bvb_c62c54ede485,beach_volleyball,2025-26,2026,D2,Women,Sunshine State Conference,Eckerd,"5'5""",Player,Sr.,Sr,"Franklin, Tenn.",Franklin,TN,domestic,Battle Ground Academy,1,https://eckerdtritons.com/sports/womens-beach-volleyball/roster/2026
bvb_157359bde833,beach_volleyball,2025-26,2026,D2,Women,Sunshine State Conference,Eckerd,"5'7""",Player,Sr.,Sr,"Albuquerque, N.M.",Albuquerque,NM,domestic,Albuquerque,0,https://eckerdtritons.com/sports/womens-beach-volleyball/roster/2026
bvb_7f4928d088be,beach_volleyball,2025-26,2026,D2,Women,Sunshine State Conference,Eckerd,"5'6""",Player,So.,So,"Virginia Beach, Va.",Virginia Beach,VA,domestic,Floyd E. Kellam,0,https://eckerdtritons.com/sports/womens-beach-volleyball/roster/2026
bvb_b66d3498c61b,beach_volleyball,2025-26,2026,D2,Women,Sunshine State Conference,Eckerd,"5'7""",Player,Sr.,Sr,"Daytona Beach, Fla.",Daytona Beach,FL,domestic,Atlantic,0,https://eckerdtritons.com/sports/womens-beach-volleyball/roster/2026
bvb_86a6bb49bd3e,beach_volleyball,2025-26,2026,D2,Women,Sunshine State Conference,Eckerd,"5'10""",Player,Jr.,Jr,"Colorado Springs, Colo.",Colorado Springs,CO,domestic,Vista Ridge,0,https://eckerdtritons.com/sports/womens-beach-volleyball/roster/2026
bvb_cd39336bcdfc,beach_volleyball,2025-26,2026,D2,Women,Sunshine State Conference,Eckerd,"5'9""",Player,Sr.,Sr,"Madison, Ala.",Madison,AL,domestic,James Clemens,0,https://eckerdtritons.com/sports/womens-beach-volleyball/roster/2026
bvb_55c417a7330f,beach_volleyball,2025-26,2026,D2,Women,Sunshine State Conference,Eckerd,"5'10""",Player,Fr.,Fr,"Jacksonville, Fla.",Jacksonville,FL,domestic,Creekside,0,https://eckerdtritons.com/sports/womens-beach-volleyball/roster/2026
bvb_72d0323fd4f9,beach_volleyball,2025-26,2026,D2,Women,Sunshine State Conference,Eckerd,"5'6""",Player,So.,So,"Cypress, Texas",Cypress,TX,domestic,Cypress Woods,0,https://eckerdtritons.com/sports/womens-beach-volleyball/roster/2026
bvb_ae40c2700236,beach_volleyball,2025-26,2026,D2,Women,Sunshine State Conference,Eckerd,"5'10""",Player,So.,So,"Pasadena, Calif.",Pasadena,CA,domestic,La Salle,0,https://eckerdtritons.com/sports/womens-beach-volleyball/roster/2026
bvb_fb2b5092b6fb,beach_volleyball,2025-26,2026,D2,Women,Sunshine State Conference,Eckerd,"5'6""",Player,Fr.,Fr,"Long Beach, N.Y.",Long Beach,NY,domestic,Long Beach,0,https://eckerdtritons.com/sports/womens-beach-volleyball/roster/2026
bvb_d88406c7123e,beach_volleyball,2025-26,2026,D2,Women,Sunshine State Conference,Eckerd,"5'8""",Player,So.,So,"Houston, Texas",Houston,TX,domestic,Houston Christian,0,https://eckerdtritons.com/sports/womens-beach-volleyball/roster/2026
bvb_4421ae814e32,beach_volleyball,2025-26,2026,D2,Women,Sunshine State Conference,Eckerd,"5'9""",Player,So.,So,"Weldon Springs, Mo.",Weldon Springs,MO,domestic,Francis Howell,0,https://eckerdtritons.com/sports/womens-beach-volleyball/roster/2026
bvb_8385645d3acd,beach_volleyball,2025-26,2026,D2,Women,Sunshine State Conference,Eckerd,"5'4""",Player,Fr.,Fr,"Houston, Texas",Houston,TX,domestic,Tomball,0,https://eckerdtritons.com/sports/womens-beach-volleyball/roster/2026
bvb_640db3219a42,beach_volleyball,2025-26,2026,D2,Women,Sunshine State Conference,Eckerd,"5'6""",Player,Fr.,Fr,"Chapel Hill, N.C.",Chapel Hill,NC,domestic,Jordan,0,https://eckerdtritons.com/sports/womens-beach-volleyball/roster/2026
bvb_660030a9a007,beach_volleyball,2025-26,2026,D2,Women,Sunshine State Conference,Eckerd,"6'0""",Player,Fr.,Fr,"Jacksonville, Fla.",Jacksonville,FL,domestic,Snyder,0,https://eckerdtritons.com/sports/womens-beach-volleyball/roster/2026
bvb_776ee2c9a984,beach_volleyball,2025-26,2026,D2,Women,Sunshine State Conference,Eckerd,"5'9""",Player,Fr.,Fr,"Jacksonville, Fla.",Jacksonville,FL,domestic,Atlantic Coast,0,https://eckerdtritons.com/sports/womens-beach-volleyball/roster/2026
bvb_97642a91988d,beach_volleyball,2025-26,2026,D2,Women,Conference Carolinas,Emmanuel GA,B,Player,Sr.,Sr,Orem Utah,Orem Utah,,international,Mountain View High school,0,https://goeulions.com/sports/womens-beach-volleyball/roster/2026
bvb_218b88e3d15b,beach_volleyball,2025-26,2026,D2,Women,Conference Carolinas,Emmanuel GA,SPLIT,Player,Fr.,Fr,"Chattanooga, TN",Chattanooga,TN,domestic,Girls Preparatory School,1,https://goeulions.com/sports/womens-beach-volleyball/roster/2026
bvb_5485b4dbe2ab,beach_volleyball,2025-26,2026,D2,Women,Conference Carolinas,Emmanuel GA,D,Player,So.,So,"Ripon, CA",Ripon,CA,domestic,Ripon Christian,0,https://goeulions.com/sports/womens-beach-volleyball/roster/2026
bvb_0b8ea2e2faaa,beach_volleyball,2025-26,2026,D2,Women,Conference Carolinas,Emmanuel GA,D,Player,Jr.,Jr,"Winder, GA",Winder,GA,domestic,Winder Barrow Highschool,0,https://goeulions.com/sports/womens-beach-volleyball/roster/2026
bvb_9ea3ba80dcbe,beach_volleyball,2025-26,2026,D2,Women,Conference Carolinas,Emmanuel GA,D,Player,Fr.,Fr,"St. Augustine, FL",St. Augustine,FL,domestic,St. Augustine High School,0,https://goeulions.com/sports/womens-beach-volleyball/roster/2026
bvb_459b4616c195,beach_volleyball,2025-26,2026,D2,Women,Conference Carolinas,Emmanuel GA,SPLIT,Player,Sr.,Sr,"Newman, GA",Newman,GA,domestic,St. Andrews University,0,https://goeulions.com/sports/womens-beach-volleyball/roster/2026
bvb_ba94d014f25c,beach_volleyball,2025-26,2026,D2,Women,Conference Carolinas,Emmanuel GA,B,Player,So.,So,"Houston, TX",Houston,TX,domestic,Pasadena High School,0,https://goeulions.com/sports/womens-beach-volleyball/roster/2026
bvb_b281fcfc2c10,beach_volleyball,2025-26,2026,D2,Women,Conference Carolinas,Emmanuel GA,D,Player,Jr.,Jr,"Lawrenceville, GA",Lawrenceville,GA,domestic,Peachtree Ridge High School,0,https://goeulions.com/sports/womens-beach-volleyball/roster/2026
bvb_1b91e7abf4c1,beach_volleyball,2025-26,2026,D2,Women,Conference Carolinas,Emmanuel GA,B,Player,Jr.,Jr,"Ponce Inlet, FL",Ponce Inlet,FL,domestic,Young Harris College,0,https://goeulions.com/sports/womens-beach-volleyball/roster/2026
bvb_1ae92039e5f4,beach_volleyball,2025-26,2026,D2,Women,Conference Carolinas,Emmanuel GA,B,Player,Fr.,Fr,"San Antonio, TX",San Antonio,TX,domestic,Hillgrove HS,0,https://goeulions.com/sports/womens-beach-volleyball/roster/2026
bvb_5f921a115c5c,beach_volleyball,2025-26,2026,D2,Women,Conference Carolinas,Emmanuel GA,"6'0""",Player,So.,So,"Woodstock, GA",Woodstock,GA,domestic,Brenau University,0,https://goeulions.com/sports/womens-beach-volleyball/roster/2026
bvb_c7ee9499b807,beach_volleyball,2025-26,2026,D2,Women,Conference Carolinas,Emmanuel GA,SPLIT,Player,So.,So,"Frederick, CO",Frederick,CO,domestic,Mead High School,0,https://goeulions.com/sports/womens-beach-volleyball/roster/2026
bvb_ac7ad5b901e2,beach_volleyball,2025-26,2026,D2,Women,Conference Carolinas,Emmanuel GA,SPLIT,Player,Fr.,Fr,"Cedartown, GA",Cedartown,GA,domestic,Cedartown High School,0,https://goeulions.com/sports/womens-beach-volleyball/roster/2026
bvb_36c623a49290,beach_volleyball,2025-26,2026,D2,Women,Conference Carolinas,Emmanuel GA,D,Player,So.,So,"Carnesville, GA",Carnesville,GA,domestic,Homeschool,1,https://goeulions.com/sports/womens-beach-volleyball/roster/2026
bvb_d1066a59985c,beach_volleyball,2025-26,2026,D2,Women,Conference Carolinas,Emmanuel GA,SPLIT,Player,Fr.,Fr,"McKinney, TX",McKinney,TX,domestic,Heritage High School,0,https://goeulions.com/sports/womens-beach-volleyball/roster/2026
bvb_f1fa15865821,beach_volleyball,2025-26,2026,D2,Women,Conference Carolinas,Emmanuel GA,D,Player,So.,So,"Carnesville, GA",Carnesville,GA,domestic,Homeschool,1,https://goeulions.com/sports/womens-beach-volleyball/roster/2026
bvb_b382fc69a867,beach_volleyball,2025-26,2026,D2,Women,Pacific West Conference,Concordia Irvine,"5'8""",Player,Fr.,Fr,"Clovis, Calif.",Clovis,CA,domestic,Buchanan HS,0,https://cuigoldeneagles.com/sports/womens-beach-volleyball/roster/2026
bvb_6745b4c0b050,beach_volleyball,2025-26,2026,D2,Women,Pacific West Conference,Concordia Irvine,"5'9""",Player,Jr.,Jr,"Fountain Valley, Calif.",Fountain Valley,CA,domestic,Calvary Chapel HS,0,https://cuigoldeneagles.com/sports/womens-beach-volleyball/roster/2026
bvb_2c65a20ccd3f,beach_volleyball,2025-26,2026,D2,Women,Pacific West Conference,Concordia Irvine,"5'7""",Player,Sr.,Sr,"El Dorado Hills, Calif.",El Dorado Hills,CA,domestic,Oak Ridge HS,0,https://cuigoldeneagles.com/sports/womens-beach-volleyball/roster/2026
bvb_95920d8dd95d,beach_volleyball,2025-26,2026,D2,Women,Pacific West Conference,Concordia Irvine,"5'7""",Player,Fr.,Fr,"Chandler, Ariz.",Chandler,AZ,domestic,Arizona College Prep,1,https://cuigoldeneagles.com/sports/womens-beach-volleyball/roster/2026
bvb_53713af90de9,beach_volleyball,2025-26,2026,D2,Women,Pacific West Conference,Concordia Irvine,"5'11""",Player,Jr.,Jr,"Double Oak, Texas",Double Oak,TX,domestic,Edward S. Marcus HS,0,https://cuigoldeneagles.com/sports/womens-beach-volleyball/roster/2026
bvb_41aa823fd8a9,beach_volleyball,2025-26,2026,D2,Women,Pacific West Conference,Concordia Irvine,"5'7""",Player,Jr.,Jr,"Tustin, Calif",Tustin,CA,domestic,Foothill HS,0,https://cuigoldeneagles.com/sports/womens-beach-volleyball/roster/2026
bvb_ed78cc8a87b1,beach_volleyball,2025-26,2026,D2,Women,Pacific West Conference,Concordia Irvine,"6'1""",Player,Gr.,Gr,"Lake Forest, Calif.",Lake Forest,CA,domestic,JSerra HS,0,https://cuigoldeneagles.com/sports/womens-beach-volleyball/roster/2026
bvb_d274508c51cf,beach_volleyball,2025-26,2026,D2,Women,Pacific West Conference,Concordia Irvine,"5'6""",Player,Sr.,Sr,"Albuquerque, N. M.",Albuquerque,NM,domestic,La Cueva HS,0,https://cuigoldeneagles.com/sports/womens-beach-volleyball/roster/2026
bvb_3ade1a39c563,beach_volleyball,2025-26,2026,D2,Women,Pacific West Conference,Concordia Irvine,"5'10""",Player,Fr.,Fr,"Clovis, Calif.",Clovis,CA,domestic,Buchanan HS,0,https://cuigoldeneagles.com/sports/womens-beach-volleyball/roster/2026
bvb_acbed3620d9e,beach_volleyball,2025-26,2026,D2,Women,Pacific West Conference,Concordia Irvine,"5'10""",Player,Sr.,Sr,"Kaneohe, Hawaii",Kaneohe,HI,domestic,Moanalua HS,0,https://cuigoldeneagles.com/sports/womens-beach-volleyball/roster/2026
bvb_9f05fcfdf6a2,beach_volleyball,2025-26,2026,D2,Women,Pacific West Conference,Concordia Irvine,"5'9""",Player,Gr.,Gr,"Surprise, Ariz.",Surprise,AZ,domestic,Valley Vista HS,0,https://cuigoldeneagles.com/sports/womens-beach-volleyball/roster/2026
bvb_ac57e99c2954,beach_volleyball,2025-26,2026,D2,Women,Pacific West Conference,Concordia Irvine,"5'11""",Player,Fr.,Fr,"Gilbert, Ariz.",Gilbert,AZ,domestic,Casteel HS,0,https://cuigoldeneagles.com/sports/womens-beach-volleyball/roster/2026
bvb_2475dd8813eb,beach_volleyball,2025-26,2026,D2,Women,Pacific West Conference,Concordia Irvine,"5'10""",Player,Sr.,Sr,"Tucson, Ariz.",Tucson,AZ,domestic,Salpointe Catholic,0,https://cuigoldeneagles.com/sports/womens-beach-volleyball/roster/2026
bvb_528bcd28578f,beach_volleyball,2025-26,2026,D2,Women,Pacific West Conference,Concordia Irvine,"5'7""",Player,Sr.,Sr,"El Dorado Hills, Calif.",El Dorado Hills,CA,domestic,Oak Ridge HS,0,https://cuigoldeneagles.com/sports/womens-beach-volleyball/roster/2026
bvb_905545b545a3,beach_volleyball,2025-26,2026,D2,Women,Pacific West Conference,Concordia Irvine,"6'0""",Player,Gr.,Gr,"Phoenix, Ariz.",Phoenix,AZ,domestic,Centennial HS,0,https://cuigoldeneagles.com/sports/womens-beach-volleyball/roster/2026
bvb_075dee3e66c0,beach_volleyball,2025-26,2026,D2,Women,Pacific West Conference,Concordia Irvine,"6'1""",Player,So.,So,"Phoenix, Ariz.",Phoenix,AZ,domestic,Arcadia HS,0,https://cuigoldeneagles.com/sports/womens-beach-volleyball/roster/2026
bvb_e73a7408525d,beach_volleyball,2025-26,2026,D2,Women,Pacific West Conference,Concordia Irvine,"5'8""",Player,Gr.,Gr,"South Jordan, Utah",South Jordan,UT,domestic,Lone Peak HS,0,https://cuigoldeneagles.com/sports/womens-beach-volleyball/roster/2026
bvb_ef18a7a8630f,beach_volleyball,2025-26,2026,D2,Women,Pacific West Conference,Concordia Irvine,"5'9""",Player,So.,So,"Manteca, Calif.",Manteca,CA,domestic,Ripon Christian,0,https://cuigoldeneagles.com/sports/womens-beach-volleyball/roster/2026
bvb_c4bf1278b169,beach_volleyball,2025-26,2026,D2,Women,Pacific West Conference,Concordia Irvine,"5'5""",Player,So.,So,"Naperville, Ill.",Naperville,IL,domestic,Neuqua Valley HS,0,https://cuigoldeneagles.com/sports/womens-beach-volleyball/roster/2026
bvb_f63d5bf91989,beach_volleyball,2025-26,2026,D2,Women,Pacific West Conference,Concordia Irvine,"5'7""",Player,Fr.,Fr,"Phoenix, Ariz.",Phoenix,AZ,domestic,Veritas Prep,1,https://cuigoldeneagles.com/sports/womens-beach-volleyball/roster/2026
bvb_3934cb01341c,beach_volleyball,2025-26,2026,D2,Women,Sunshine State Conference,Florida Southern,"5'10""",Player,Fr.,Fr,"New Smyrna Beach, Fla.",New Smyrna Beach,FL,domestic,New Smyrna Beach,0,https://fscmocs.com/sports/womens-beach-volleyball/roster/2026
bvb_f47f5fbd6a49,beach_volleyball,2025-26,2026,D2,Women,Sunshine State Conference,Florida Southern,"5'11""",Player,Jr.,Jr,"Madeira Beach, Fla.",Madeira Beach,FL,domestic,Keswick Christian,0,https://fscmocs.com/sports/womens-beach-volleyball/roster/2026
bvb_1fc763d79e77,beach_volleyball,2025-26,2026,D2,Women,Sunshine State Conference,Florida Southern,"5'10""",Player,Jr.,Jr,"St. Petersburg, Fla.",St. Petersburg,FL,domestic,Buford,0,https://fscmocs.com/sports/womens-beach-volleyball/roster/2026
bvb_ed729f095965,beach_volleyball,2025-26,2026,D2,Women,Sunshine State Conference,Florida Southern,"5'7""",Player,Fr.,Fr,"West Caldwell, N.J.",West Caldwell,NJ,domestic,Rush Premier Sports Academy,1,https://fscmocs.com/sports/womens-beach-volleyball/roster/2026
bvb_6fa9c1c0b843,beach_volleyball,2025-26,2026,D2,Women,Sunshine State Conference,Florida Southern,"5'8""",Player,Fr.,Fr,"Wesley Chapel, Fla.",Wesley Chapel,FL,domestic,Wesley Chapel,0,https://fscmocs.com/sports/womens-beach-volleyball/roster/2026
bvb_22f8319cbe90,beach_volleyball,2025-26,2026,D2,Women,Sunshine State Conference,Florida Southern,"5'5""",Player,Fr.,Fr,"Peachtree City, Ga.",Peachtree City,GA,domestic,Starr’s Mill,0,https://fscmocs.com/sports/womens-beach-volleyball/roster/2026
bvb_99096ebdc2c0,beach_volleyball,2025-26,2026,D2,Women,Sunshine State Conference,Florida Southern,"5'9""",Player,Fr.,Fr,"Deland, Fla.",Deland,FL,domestic,Deland,0,https://fscmocs.com/sports/womens-beach-volleyball/roster/2026
bvb_9b94925b1a26,beach_volleyball,2025-26,2026,D2,Women,Sunshine State Conference,Florida Southern,"5'10""",Player,Gr.,Gr,"Oakwood Hills, Ill.",Oakwood Hills,IL,domestic,Cary Grove,0,https://fscmocs.com/sports/womens-beach-volleyball/roster/2026
bvb_56a663148d35,beach_volleyball,2025-26,2026,D2,Women,Sunshine State Conference,Florida Southern,"5'8""",Player,So.,So,"Jefferson, Ga.",Jefferson,GA,domestic,Jackson County,0,https://fscmocs.com/sports/womens-beach-volleyball/roster/2026
bvb_fd019c9e1a4c,beach_volleyball,2025-26,2026,D2,Women,Sunshine State Conference,Florida Southern,"5'8""",Player,So.,So,"Manorville, N.Y.",Manorville,NY,domestic,Eastport South Manor JR-SR,0,https://fscmocs.com/sports/womens-beach-volleyball/roster/2026
bvb_c70006dbdf7f,beach_volleyball,2025-26,2026,D2,Women,Sunshine State Conference,Florida Southern,"5'6""",Player,So.,So,"Maple Grove, Minn.",Maple Grove,MN,domestic,Maple Grove Senior High,0,https://fscmocs.com/sports/womens-beach-volleyball/roster/2026
bvb_e33a3061215f,beach_volleyball,2025-26,2026,D2,Women,Sunshine State Conference,Florida Southern,"5'9""",Player,Fr.,Fr,"Fernandina Beach, Fla.",Fernandina Beach,FL,domestic,Fernandina Beach,0,https://fscmocs.com/sports/womens-beach-volleyball/roster/2026
bvb_799b8c1f2e91,beach_volleyball,2025-26,2026,D2,Women,Sunshine State Conference,Florida Southern,"5'6""",Player,Jr.,Jr,"Safford, Ariz.",Safford,AZ,domestic,Thatcher,0,https://fscmocs.com/sports/womens-beach-volleyball/roster/2026
bvb_94cbf22c9e6e,beach_volleyball,2025-26,2026,D2,Women,Sunshine State Conference,Florida Southern,"5'8""",Player,Gr.,Gr,"Lakeland, Fla.",Lakeland,FL,domestic,Lake Gibson Senior,0,https://fscmocs.com/sports/womens-beach-volleyball/roster/2026
bvb_ba0f422abf63,beach_volleyball,2025-26,2026,D2,Women,Pacific West Conference,Hawaii Pacific,"5'10""",Player,Sr.,Sr,"Pasadena, Calif.",Pasadena,CA,domestic,Arcadia High School,0,https://hpusharks.com/sports/beach-volleyball/roster/2026
bvb_9e5d6cf5a56d,beach_volleyball,2025-26,2026,D2,Women,Pacific West Conference,Hawaii Pacific,,Player,Fr.,Fr,"Pasadena, Calif.",Pasadena,CA,domestic,Arcadia High School,0,https://hpusharks.com/sports/beach-volleyball/roster/2026
bvb_605eb97c3f1a,beach_volleyball,2025-26,2026,D2,Women,Pacific West Conference,Hawaii Pacific,"5'10""",Player,Sr.,Sr,"Clovis, Calif.",Clovis,CA,domestic,Buchanan High,0,https://hpusharks.com/sports/beach-volleyball/roster/2026
bvb_833e5efd40f4,beach_volleyball,2025-26,2026,D2,Women,Pacific West Conference,Hawaii Pacific,,Player,Fr.,Fr,Fr.,Fr.,,international,,0,https://hpusharks.com/sports/beach-volleyball/roster/2026
bvb_9dbd88cf3ce1,beach_volleyball,2025-26,2026,D2,Women,Pacific West Conference,Hawaii Pacific,,Player,Fr.,Fr,Fr.,Fr.,,international,,0,https://hpusharks.com/sports/beach-volleyball/roster/2026
bvb_28ae7c7d62df,beach_volleyball,2025-26,2026,D2,Women,Pacific West Conference,Hawaii Pacific,,Player,Fr.,Fr,Fr.,Fr.,,international,,0,https://hpusharks.com/sports/beach-volleyball/roster/2026
bvb_2ed3e9f7563c,beach_volleyball,2025-26,2026,D2,Women,Pacific West Conference,Hawaii Pacific,,Player,Jr.,Jr,"Aukland, New Zealand",Aukland,,international,,0,https://hpusharks.com/sports/beach-volleyball/roster/2026
bvb_3fd4902fe233,beach_volleyball,2025-26,2026,D2,Women,Pacific West Conference,Hawaii Pacific,,Player,Sr.,Sr,"Kaunakakai, Hawaii",Kaunakakai,HI,domestic,Molokai High School,0,https://hpusharks.com/sports/beach-volleyball/roster/2026
bvb_516eb98baa8f,beach_volleyball,2025-26,2026,D2,Women,Pacific West Conference,Hawaii Pacific,,Player,Fr.,Fr,Oregon,Oregon,OR,domestic,,0,https://hpusharks.com/sports/beach-volleyball/roster/2026
bvb_396a041ee5a9,beach_volleyball,2025-26,2026,D2,Women,Pacific West Conference,Hawaii Pacific,,Player,Fr.,Fr,Fr.,Fr.,,international,,0,https://hpusharks.com/sports/beach-volleyball/roster/2026
bvb_e93ff209d555,beach_volleyball,2025-26,2026,D2,Women,Pacific West Conference,Hawaii Pacific,,Player,Fr.,Fr,Fr. Hendersonville High School,Fr. Hendersonville High School,,international,Hendersonville High School,0,https://hpusharks.com/sports/beach-volleyball/roster/2026
bvb_9386ac28334e,beach_volleyball,2025-26,2026,D2,Women,Pacific West Conference,Hawaii Pacific,,Player,Fr.,Fr,Fr.,Fr.,,international,,0,https://hpusharks.com/sports/beach-volleyball/roster/2026
bvb_5adbc51f76ea,beach_volleyball,2025-26,2026,D2,Women,Pacific West Conference,Hawaii Pacific,"5'11""",Player,Jr.,Jr,"La Center, Wash.",La Center,WA,domestic,La Center High School,0,https://hpusharks.com/sports/beach-volleyball/roster/2026
bvb_2fe9809edfa3,beach_volleyball,2025-26,2026,D2,Women,Pacific West Conference,Hawaii Pacific,"5'9""",Player,Sr.,Sr,"Tyrone, Ga.",Tyrone,GA,domestic,Sandy Creek,0,https://hpusharks.com/sports/beach-volleyball/roster/2026
bvb_99ae4c4ec863,beach_volleyball,2025-26,2026,D2,Women,Pacific West Conference,Hawaii Pacific,"5'8""",Player,Jr.,Jr,"Vancouver, Wash.",Vancouver,WA,domestic,Skyview High School,0,https://hpusharks.com/sports/beach-volleyball/roster/2026
bvb_1c3e8d439916,beach_volleyball,2025-26,2026,D2,Women,Pacific West Conference,Hawaii Pacific,,Player,Fr.,Fr,"San Diego, Calif.",San Diego,CA,domestic,Kearny High,0,https://hpusharks.com/sports/beach-volleyball/roster/2026
bvb_c9b2f90995bb,beach_volleyball,2025-26,2026,D2,Women,Pacific West Conference,Hawaii Pacific,,Player,Fr.,Fr,Fr.,Fr.,,international,,0,https://hpusharks.com/sports/beach-volleyball/roster/2026
bvb_94549f869377,beach_volleyball,2025-26,2026,D2,Women,Pacific West Conference,Hawaii Pacific,,Player,Fr.,Fr,Fr. Mercy High School Burlingame,Fr. Mercy High School Burlingame,,international,Mercy High School,0,https://hpusharks.com/sports/beach-volleyball/roster/2026
bvb_f64940d6ea9a,beach_volleyball,2025-26,2026,D2,Women,Conference Carolinas,Erskine,"5'7""",Player,Sr.,Sr,"Prescott Valley, AZ",Prescott Valley,AZ,domestic,Bradshaw Mountain HS,0,https://erskinesports.com/sports/womens-beach-volleyball/roster/2026
bvb_72deeddb514f,beach_volleyball,2025-26,2026,D2,Women,Conference Carolinas,Erskine,"5'4""",Player,Sr.,Sr,"Anderson, SC",Anderson,SC,domestic,T.L. Hanna HS,0,https://erskinesports.com/sports/womens-beach-volleyball/roster/2026
bvb_fd405c436cdb,beach_volleyball,2025-26,2026,D2,Women,Conference Carolinas,Erskine,"5'8""",Player,So.,So,"Prescott Valley, AZ",Prescott Valley,AZ,domestic,Bradshaw Mountain HS,0,https://erskinesports.com/sports/womens-beach-volleyball/roster/2026
bvb_815707baf18a,beach_volleyball,2025-26,2026,D2,Women,Conference Carolinas,Erskine,"6'0""",Player,R-Jr.,Jr,"Piedmont, SC",Piedmont,SC,domestic,Wren HS,0,https://erskinesports.com/sports/womens-beach-volleyball/roster/2026
bvb_9ed8ed295497,beach_volleyball,2025-26,2026,D2,Women,Conference Carolinas,Erskine,"5'7""",Player,So.,So,"Charleston, SC",Charleston,SC,domestic,West Ashley HS,0,https://erskinesports.com/sports/womens-beach-volleyball/roster/2026
bvb_57eac8e948e9,beach_volleyball,2025-26,2026,D2,Women,Conference Carolinas,Erskine,"5'6""",Player,R-Jr.,Jr,"Oceanside, CA",Oceanside,CA,domestic,MacArthur HS,0,https://erskinesports.com/sports/womens-beach-volleyball/roster/2026
bvb_4ae9a392539e,beach_volleyball,2025-26,2026,D2,Women,Conference Carolinas,Erskine,"5'8""",Player,Sr.,Sr,"Glencoe, AL",Glencoe,AL,domestic,Glencoe HS,0,https://erskinesports.com/sports/womens-beach-volleyball/roster/2026
bvb_00d2f59140d3,beach_volleyball,2025-26,2026,D2,Women,Conference Carolinas,Erskine,"5'9""",Player,Jr.,Jr,"Marion, SC",Marion,SC,domestic,Pee Dee Academy,1,https://erskinesports.com/sports/womens-beach-volleyball/roster/2026
bvb_9652f4889e75,beach_volleyball,2025-26,2026,D2,Women,Conference Carolinas,Erskine,"5'10""",Player,So.,So,"Winter Park, FL",Winter Park,FL,domestic,Winter Park HS,0,https://erskinesports.com/sports/womens-beach-volleyball/roster/2026
bvb_02b0a3ae3d7d,beach_volleyball,2025-26,2026,D2,Women,Conference Carolinas,Erskine,"5'2""",Player,Jr.,Jr,"Richfield, NC",Richfield,NC,domestic,Jesse C. Carson HS,0,https://erskinesports.com/sports/womens-beach-volleyball/roster/2026
bvb_f189e91fa81b,beach_volleyball,2025-26,2026,D2,Women,Conference Carolinas,Erskine,"5'11""",Player,Fr.,Fr,"Olathe, KS",Olathe,KS,domestic,Blue Valley West HS,0,https://erskinesports.com/sports/womens-beach-volleyball/roster/2026
bvb_f6101c7dbf66,beach_volleyball,2025-26,2026,D2,Women,Conference Carolinas,Erskine,,Player,Fr.,Fr,Fr.,Fr.,,international,,0,https://erskinesports.com/sports/womens-beach-volleyball/roster/2026
bvb_a1e874f222e8,beach_volleyball,2025-26,2026,D2,Women,Conference Carolinas,Erskine,"5'8""",Player,Fr.,Fr,"Seneca, SC",Seneca,SC,domestic,Seneca HS,0,https://erskinesports.com/sports/womens-beach-volleyball/roster/2026
bvb_01b0bcaf2df8,beach_volleyball,2025-26,2026,D2,Women,Conference Carolinas,Erskine,"6'0""",Player,Sr.,Sr,"San Jose, CA",San Jose,CA,domestic,Shoshoni HS,0,https://erskinesports.com/sports/womens-beach-volleyball/roster/2026
bvb_03798189d582,beach_volleyball,2025-26,2026,D2,Women,Conference Carolinas,Erskine,,Player,Fr.,Fr,Fr.,Fr.,,international,,0,https://erskinesports.com/sports/womens-beach-volleyball/roster/2026
bvb_9d6c213af2ff,beach_volleyball,2025-26,2026,D2,Women,Conference Carolinas,Erskine,"5'6""",Player,So.,So,"Orlando, FL",Orlando,FL,domestic,Seminole HS,0,https://erskinesports.com/sports/womens-beach-volleyball/roster/2026
bvb_20f03fe95e17,beach_volleyball,2025-26,2026,D2,Women,Conference Carolinas,Erskine,"5'7""",Player,Jr.,Jr,"Chapin, SC",Chapin,SC,domestic,Chapin HS,0,https://erskinesports.com/sports/womens-beach-volleyball/roster/2026
bvb_e1f28d28dc26,beach_volleyball,2025-26,2026,D2,Women,Conference Carolinas,Erskine,"6'1""",Player,Fr.,Fr,"Rock Hill, SC",Rock Hill,SC,domestic,Rock Hill HS,0,https://erskinesports.com/sports/womens-beach-volleyball/roster/2026
bvb_f346ba26ed90,beach_volleyball,2025-26,2026,D2,Women,Conference Carolinas,Erskine,"5'8""",Player,Sr.,Sr,"Anderson, SC",Anderson,SC,domestic,Crescent HS,0,https://erskinesports.com/sports/womens-beach-volleyball/roster/2026
bvb_1127fcbdc984,beach_volleyball,2025-26,2026,D2,Women,Conference Carolinas,Erskine,"5'8""",Player,Fr.,Fr,"Rock Hill, SC",Rock Hill,SC,domestic,Rock Hill HS,0,https://erskinesports.com/sports/womens-beach-volleyball/roster/2026
bvb_e40d456c761e,beach_volleyball,2025-26,2026,D2,Women,Conference Carolinas,Erskine,"5'8""",Player,Jr.,Jr,"Dacula, GA",Dacula,GA,domestic,Dacula HS,0,https://erskinesports.com/sports/womens-beach-volleyball/roster/2026
bvb_5535532357e8,beach_volleyball,2025-26,2026,D2,Women,Conference Carolinas,Erskine,"5'10""",Player,So.,So,"Jacksonville, FL",Jacksonville,FL,domestic,Bishop Kenny HS,0,https://erskinesports.com/sports/womens-beach-volleyball/roster/2026
bvb_5142e547e35d,beach_volleyball,2025-26,2026,D2,Women,Conference Carolinas,Erskine,"6'0""",Player,So.,So,"Port Orange, FL",Port Orange,FL,domestic,Spruce Creek HS,0,https://erskinesports.com/sports/womens-beach-volleyball/roster/2026
bvb_94a899026d1b,beach_volleyball,2025-26,2026,D2,Women,Conference Carolinas,Erskine,"5'9""",Player,Fr.,Fr,"Bradenton, FL",Bradenton,FL,domestic,Manatee HS,0,https://erskinesports.com/sports/womens-beach-volleyball/roster/2026
bvb_137289f07fda,beach_volleyball,2025-26,2026,D2,Women,Great Lakes Valley Conference,McKendree,Split Blocker,Player,Jr.,Jr,"Columbus, OH",Columbus,OH,domestic,Licking Heights,0,https://mckbearcats.com/sports/beach-volleyball/roster/2026
bvb_30e3da2a6596,beach_volleyball,2025-26,2026,D2,Women,Great Lakes Valley Conference,McKendree,"5'4""",Player,Fr.,Fr,"Frankfort, IL",Frankfort,IL,domestic,Lincoln Way East,0,https://mckbearcats.com/sports/beach-volleyball/roster/2026
bvb_6a1502159337,beach_volleyball,2025-26,2026,D2,Women,Great Lakes Valley Conference,McKendree,"5'6""",Player,Gr.,Gr,"Stillwell, KS",Stillwell,KS,domestic,Blue Valley High School,0,https://mckbearcats.com/sports/beach-volleyball/roster/2026
bvb_91e30ed4e1cc,beach_volleyball,2025-26,2026,D2,Women,Great Lakes Valley Conference,McKendree,Split Blocker,Player,Gr.,Gr,"Aurora, CO",Aurora,CO,domestic,Cherokee Trail,0,https://mckbearcats.com/sports/beach-volleyball/roster/2026
bvb_1fec3568bee5,beach_volleyball,2025-26,2026,D2,Women,Great Lakes Valley Conference,McKendree,Split Blocker,Player,Sr.,Sr,"Lucas, TX",Lucas,TX,domestic,Lovejoy,0,https://mckbearcats.com/sports/beach-volleyball/roster/2026
bvb_ff0f6338fa66,beach_volleyball,2025-26,2026,D2,Women,Great Lakes Valley Conference,McKendree,"5'10""",Player,Gr.,Gr,"Lenexa, KS",Lenexa,KS,domestic,Shawnee Mission Northwest,0,https://mckbearcats.com/sports/beach-volleyball/roster/2026
bvb_f3868982ba54,beach_volleyball,2025-26,2026,D2,Women,Great Lakes Valley Conference,McKendree,"5'8""",Player,Fr.,Fr,"Plainfield, IL",Plainfield,IL,domestic,Plainfield East,0,https://mckbearcats.com/sports/beach-volleyball/roster/2026
bvb_359607c317ca,beach_volleyball,2025-26,2026,D2,Women,Great Lakes Valley Conference,McKendree,Split Blocker,Player,Sr.,Sr,"Belleville, IL",Belleville,IL,domestic,Mascoutah,0,https://mckbearcats.com/sports/beach-volleyball/roster/2026
bvb_9a2db89fbe7b,beach_volleyball,2025-26,2026,D2,Women,Great Lakes Valley Conference,McKendree,"5'10""",Player,Fr.,Fr,"Los Angeles, CA",Los Angeles,CA,domestic,Providence,0,https://mckbearcats.com/sports/beach-volleyball/roster/2026
bvb_b2348472a7f7,beach_volleyball,2025-26,2026,D2,Women,Great Lakes Valley Conference,McKendree,"6'0""",Player,Fr.,Fr,"Allendale, IL",Allendale,IL,domestic,Mount Carmel,0,https://mckbearcats.com/sports/beach-volleyball/roster/2026
bvb_0e61e82158f5,beach_volleyball,2025-26,2026,D2,Women,Great Lakes Valley Conference,McKendree,Split Blocker,Player,Sr.,Sr,"Waterloo, IL",Waterloo,IL,domestic,Gibault Catholic,0,https://mckbearcats.com/sports/beach-volleyball/roster/2026
bvb_4efe9d6816ca,beach_volleyball,2025-26,2026,D2,Women,Great Lakes Valley Conference,McKendree,"5'4""",Player,Fr.,Fr,"Collinsville, IL",Collinsville,IL,domestic,Collinsville,0,https://mckbearcats.com/sports/beach-volleyball/roster/2026
bvb_fcee84e17a30,beach_volleyball,2025-26,2026,D2,Women,Great Lakes Valley Conference,McKendree,"5'7""",Player,Sr.,Sr,"Marion, IL",Marion,IL,domestic,Marion,0,https://mckbearcats.com/sports/beach-volleyball/roster/2026
bvb_7c9896f1022b,beach_volleyball,2025-26,2026,D2,Women,Great Lakes Valley Conference,McKendree,"5'5""",Player,Fr.,Fr,"Swedesboro, NJ",Swedesboro,NJ,domestic,Kingsway Regional,0,https://mckbearcats.com/sports/beach-volleyball/roster/2026
bvb_871c3ebf334c,beach_volleyball,2025-26,2026,D2,Women,Great Lakes Valley Conference,McKendree,Split Blocker,Player,Jr.,Jr,"Ballwin, MO",Ballwin,MO,domestic,Saint Joseph's Academy,1,https://mckbearcats.com/sports/beach-volleyball/roster/2026
bvb_9c9c8fb25c1e,beach_volleyball,2025-26,2026,D2,Women,Great Lakes Valley Conference,McKendree,"5'9""",Player,Jr.,Jr,"Fenton, MO",Fenton,MO,domestic,Northwest,0,https://mckbearcats.com/sports/beach-volleyball/roster/2026
bvb_ef58e084c9fc,beach_volleyball,2025-26,2026,D2,Women,Great Lakes Valley Conference,McKendree,"6'0""",Player,Jr.,Jr,"O'Fallon, MO",O'Fallon,MO,domestic,St. Charles Christian,0,https://mckbearcats.com/sports/beach-volleyball/roster/2026
bvb_23ff7238c22c,beach_volleyball,2025-26,2026,D2,Women,Sunshine State Conference,Palm Beach Atlantic,"5'9""",Player,Gr.,Gr,"Red Bluff, Calif.",Red Bluff,CA,domestic,University Preparatory School,1,https://pbasailfish.com/sports/womens-beach-volleyball/roster/2026
bvb_3fcc34da773a,beach_volleyball,2025-26,2026,D2,Women,Sunshine State Conference,Palm Beach Atlantic,"5'10""",Player,Fr.,Fr,"Rancho Santa Margarita, Calif.",Rancho Santa Margarita,CA,domestic,Trabuco Hills HS,0,https://pbasailfish.com/sports/womens-beach-volleyball/roster/2026
bvb_6199d544529f,beach_volleyball,2025-26,2026,D2,Women,Sunshine State Conference,Palm Beach Atlantic,"5'8""",Player,Sr.,Sr,"Carmel, Ind.",Carmel,IN,domestic,Carmel HS,0,https://pbasailfish.com/sports/womens-beach-volleyball/roster/2026
bvb_e43e766c3659,beach_volleyball,2025-26,2026,D2,Women,Sunshine State Conference,Palm Beach Atlantic,"5'9""",Player,Gr.,Gr,"Omaha, Neb.",Omaha,NE,domestic,Elkhorn South HS,0,https://pbasailfish.com/sports/womens-beach-volleyball/roster/2026
bvb_be0fa3b25771,beach_volleyball,2025-26,2026,D2,Women,Sunshine State Conference,Palm Beach Atlantic,"5'4""",Player,Jr.,Jr,"Franklin, Tenn.",Franklin,TN,domestic,Franklin Classical,0,https://pbasailfish.com/sports/womens-beach-volleyball/roster/2026
bvb_ac7ae61ffe7b,beach_volleyball,2025-26,2026,D2,Women,Sunshine State Conference,Palm Beach Atlantic,"5'10""",Player,So.,So,"Port St. Lucie, Fla.",Port St. Lucie,FL,domestic,Fort Pierce Central,0,https://pbasailfish.com/sports/womens-beach-volleyball/roster/2026
bvb_63ebf9ceaa7b,beach_volleyball,2025-26,2026,D2,Women,Sunshine State Conference,Palm Beach Atlantic,"5'10""",Player,Jr.,Jr,"Flower Mound, Texas",Flower Mound,TX,domestic,Edward S. Marcus HS,0,https://pbasailfish.com/sports/womens-beach-volleyball/roster/2026
bvb_942f3e38c1e3,beach_volleyball,2025-26,2026,D2,Women,Sunshine State Conference,Palm Beach Atlantic,"5'10""",Player,So.,So,"Odessa, Fla.",Odessa,FL,domestic,Clearwater Central Catholic,0,https://pbasailfish.com/sports/womens-beach-volleyball/roster/2026
bvb_f9ccb76b7790,beach_volleyball,2025-26,2026,D2,Women,Sunshine State Conference,Palm Beach Atlantic,"5'10""",Player,Sr.,Sr,"Charlotte, N.C.",Charlotte,NC,domestic,Covenant Day School,0,https://pbasailfish.com/sports/womens-beach-volleyball/roster/2026
bvb_326232b277d5,beach_volleyball,2025-26,2026,D2,Women,Sunshine State Conference,Palm Beach Atlantic,"5'7""",Player,So.,So,"Lutz, Fla.",Lutz,FL,domestic,Land O'Lakes Christian,0,https://pbasailfish.com/sports/womens-beach-volleyball/roster/2026
bvb_4b4b8468d074,beach_volleyball,2025-26,2026,D2,Women,Sunshine State Conference,Palm Beach Atlantic,"5'9""",Player,Sr.,Sr,"Martinsville, Ind.",Martinsville,IN,domestic,Martinsville HS,0,https://pbasailfish.com/sports/womens-beach-volleyball/roster/2026
bvb_2ce85ff77fd5,beach_volleyball,2025-26,2026,D2,Women,Sunshine State Conference,Palm Beach Atlantic,"5'11""",Player,Fr.,Fr,"Plantation, Fla.",Plantation,FL,domestic,Western HS,0,https://pbasailfish.com/sports/womens-beach-volleyball/roster/2026
bvb_6828c473b6b5,beach_volleyball,2025-26,2026,D2,Women,Sunshine State Conference,Palm Beach Atlantic,"6'1""",Player,Jr.,Jr,"Coeur d'Alene, Idaho",Coeur d'Alene,ID,domestic,Coeur d'Alene HS,0,https://pbasailfish.com/sports/womens-beach-volleyball/roster/2026
bvb_9e4dabd8a155,beach_volleyball,2025-26,2026,D2,Women,Sunshine State Conference,Palm Beach Atlantic,"5'9""",Player,So.,So,"Rio de Janeiro, Brazil",Rio de Janeiro,,international,Sistema Elite de ensino,0,https://pbasailfish.com/sports/womens-beach-volleyball/roster/2026
bvb_5e6e49081f35,beach_volleyball,2025-26,2026,D2,Women,Sunshine State Conference,Palm Beach Atlantic,"5'11""",Player,Jr.,Jr,"Port St. Lucie, Fla.",Port St. Lucie,FL,domestic,Club Med Academies,0,https://pbasailfish.com/sports/womens-beach-volleyball/roster/2026
bvb_5f004ed300e9,beach_volleyball,2025-26,2026,D2,Women,Sunshine State Conference,Palm Beach Atlantic,"5'6""",Player,So.,So,"Walnut Cove, N.C.",Walnut Cove,NC,domestic,West Stokes HS,0,https://pbasailfish.com/sports/womens-beach-volleyball/roster/2026
bvb_e801a4c15a0f,beach_volleyball,2025-26,2026,D2,Women,Sunshine State Conference,Palm Beach Atlantic,"5'9""",Player,Jr.,Jr,"Lake Worth, Fla.",Lake Worth,FL,domestic,Park Vista HS,0,https://pbasailfish.com/sports/womens-beach-volleyball/roster/2026
bvb_4738771c5795,beach_volleyball,2025-26,2026,D2,Women,Sunshine State Conference,Palm Beach Atlantic,"6'0""",Player,So.,So,"Vero Beach, Fla.",Vero Beach,FL,domestic,Saint Edward's School,0,https://pbasailfish.com/sports/womens-beach-volleyball/roster/2026
bvb_dd50b76e987b,beach_volleyball,2025-26,2026,D2,Women,Sunshine State Conference,Saint Leo,"5'6""",Player,Jr.,Jr,"Wausau, Wisc.",Wausau,WI,domestic,Newman Catholic,0,https://saintleolions.com/sports/womens-beach-volleyball/roster/2026
bvb_6ff78fe4938b,beach_volleyball,2025-26,2026,D2,Women,Sunshine State Conference,Saint Leo,"5'6""",Player,So.,So,"Santa Rosa Beach, Fla.",Santa Rosa Beach,FL,domestic,Club Med Academies,0,https://saintleolions.com/sports/womens-beach-volleyball/roster/2026
bvb_d801e45b6b6b,beach_volleyball,2025-26,2026,D2,Women,Sunshine State Conference,Saint Leo,"5'7""",Player,So.,So,"Arlington, Tenn.",Arlington,TN,domestic,Arlington,0,https://saintleolions.com/sports/womens-beach-volleyball/roster/2026
bvb_a29327103523,beach_volleyball,2025-26,2026,D2,Women,Sunshine State Conference,Saint Leo,"5'9""",Player,Sr.,Sr,"Bradenton, Fla.",Bradenton,FL,domestic,Bradenton Christian,0,https://saintleolions.com/sports/womens-beach-volleyball/roster/2026
bvb_8d7f0e790b4c,beach_volleyball,2025-26,2026,D2,Women,Sunshine State Conference,Saint Leo,"5'8""",Player,Fr.,Fr,"New Smyrna Beach, Fla.",New Smyrna Beach,FL,domestic,New Smyrna Beach,0,https://saintleolions.com/sports/womens-beach-volleyball/roster/2026
bvb_e62ff7ec634c,beach_volleyball,2025-26,2026,D2,Women,Sunshine State Conference,Saint Leo,"5'10""",Player,So.,So,"Quebec, Canada",Quebec,,international,FIU,0,https://saintleolions.com/sports/womens-beach-volleyball/roster/2026
bvb_d02a3c0376fd,beach_volleyball,2025-26,2026,D2,Women,Sunshine State Conference,Saint Leo,"5'8""",Player,Sr.,Sr,"Brøndby, Denmark",Brøndby,,international,Falkonergårdens Gymnasium,0,https://saintleolions.com/sports/womens-beach-volleyball/roster/2026
bvb_68ad1c83438a,beach_volleyball,2025-26,2026,D2,Women,Sunshine State Conference,Saint Leo,"5'4""",Player,Fr.,Fr,"Seattle, Wash.",Seattle,WA,domestic,West Seattle,0,https://saintleolions.com/sports/womens-beach-volleyball/roster/2026
bvb_70620df94c29,beach_volleyball,2025-26,2026,D2,Women,Sunshine State Conference,Saint Leo,"5'9""",Player,Jr.,Jr,"Viera, Fla.",Viera,FL,domestic,Viera,0,https://saintleolions.com/sports/womens-beach-volleyball/roster/2026
bvb_77697412c10f,beach_volleyball,2025-26,2026,D2,Women,Sunshine State Conference,Saint Leo,"5'11""",Player,So.,So,"Niceville, Fla.",Niceville,FL,domestic,Rocky Bayou Christian,0,https://saintleolions.com/sports/womens-beach-volleyball/roster/2026
bvb_fdfeafbf83bf,beach_volleyball,2025-26,2026,D2,Women,Sunshine State Conference,Saint Leo,"5'11""",Player,Sr.,Sr,"Lynchburg, Va.",Lynchburg,VA,domestic,E.C. Glass,0,https://saintleolions.com/sports/womens-beach-volleyball/roster/2026
bvb_4430665d928e,beach_volleyball,2025-26,2026,D2,Women,Sunshine State Conference,Saint Leo,"5'7""",Player,Sr.,Sr,"Las Palmas, Spain",Las Palmas,,international,Colegio Heidelberg,0,https://saintleolions.com/sports/womens-beach-volleyball/roster/2026
bvb_9ea7f671e0f8,beach_volleyball,2025-26,2026,D2,Women,Sunshine State Conference,Saint Leo,"5'8""",Player,Fr.,Fr,"New Smyrna Beach, Fla.",New Smyrna Beach,FL,domestic,New Smyrna Beach,0,https://saintleolions.com/sports/womens-beach-volleyball/roster/2026
bvb_eae1e5261dce,beach_volleyball,2025-26,2026,D2,Women,Sunshine State Conference,Saint Leo,"5'9""",Player,Fr.,Fr,"Homer, N.Y.",Homer,NY,domestic,Homer Senior,0,https://saintleolions.com/sports/womens-beach-volleyball/roster/2026
bvb_7627965b268b,beach_volleyball,2025-26,2026,D2,Women,Sunshine State Conference,Saint Leo,"5'4""",Player,R-So.,So,"Kirkwood, Mo.",Kirkwood,MO,domestic,Kirkwood,0,https://saintleolions.com/sports/womens-beach-volleyball/roster/2026
bvb_513c0f00877c,beach_volleyball,2025-26,2026,D2,Women,Sunshine State Conference,Saint Leo,"5'10""",Player,Gr.,Gr,"Fenton, Mo.",Fenton,MO,domestic,Rockwood Summit,0,https://saintleolions.com/sports/womens-beach-volleyball/roster/2026
bvb_3489f61fa41e,beach_volleyball,2025-26,2026,D2,Women,Great Lakes Valley Conference,Southwest Baptist,SB,Player,Fr.,Fr,"Murrieta, California",Murrieta,CA,domestic,Murrieta Valley High School,0,https://www.sbubearcats.com/sports/beach-volleyball/roster/2026
bvb_742bb51dcfc1,beach_volleyball,2025-26,2026,D2,Women,Great Lakes Valley Conference,Southwest Baptist,SB,Player,Fr.,Fr,"Tucson, Arizona",Tucson,AZ,domestic,Canyon Del Oro High School,0,https://www.sbubearcats.com/sports/beach-volleyball/roster/2026
bvb_1af5fa1ec8c5,beach_volleyball,2025-26,2026,D2,Women,Great Lakes Valley Conference,Southwest Baptist,SB,Player,Fr.,Fr,"Allen, Texas",Allen,TX,domestic,Allen High School,0,https://www.sbubearcats.com/sports/beach-volleyball/roster/2026
bvb_c21a11324b67,beach_volleyball,2025-26,2026,D2,Women,Great Lakes Valley Conference,Southwest Baptist,SB,Player,So.,So,"Republic, Missouri",Republic,MO,domestic,Republic High School,0,https://www.sbubearcats.com/sports/beach-volleyball/roster/2026
bvb_545f065cfc19,beach_volleyball,2025-26,2026,D2,Women,Great Lakes Valley Conference,Southwest Baptist,SB,Player,Gr.,Gr,"Springfield, Missouri",Springfield,MO,domestic,Kickapoo High School,0,https://www.sbubearcats.com/sports/beach-volleyball/roster/2026
bvb_cf2ce2757e51,beach_volleyball,2025-26,2026,D2,Women,Great Lakes Valley Conference,Southwest Baptist,SB,Player,Fr.,Fr,"Kansas City, Missouri",Kansas City,MO,domestic,Northland Christian,0,https://www.sbubearcats.com/sports/beach-volleyball/roster/2026
bvb_f059a9778bb6,beach_volleyball,2025-26,2026,D2,Women,Great Lakes Valley Conference,Southwest Baptist,SB,Player,Fr.,Fr,"Savannah, Missouri",Savannah,MO,domestic,Savannah High School,0,https://www.sbubearcats.com/sports/beach-volleyball/roster/2026
bvb_af62bb870613,beach_volleyball,2025-26,2026,D2,Women,Great Lakes Valley Conference,Southwest Baptist,SB,Player,Fr.,Fr,"Katy, Texas",Katy,TX,domestic,Katy High School,0,https://www.sbubearcats.com/sports/beach-volleyball/roster/2026
bvb_c035a5509295,beach_volleyball,2025-26,2026,D2,Women,Great Lakes Valley Conference,Southwest Baptist,SB,Player,Sr.,Sr,"Kansas City, MO",Kansas City,MO,domestic,,0,https://www.sbubearcats.com/sports/beach-volleyball/roster/2026
bvb_afd1dd4b49e5,beach_volleyball,2025-26,2026,D2,Women,Great Lakes Valley Conference,Southwest Baptist,SB,Player,Jr.,Jr,"Mountain Grove, MO",Mountain Grove,MO,domestic,,0,https://www.sbubearcats.com/sports/beach-volleyball/roster/2026
bvb_12210e01988a,beach_volleyball,2025-26,2026,D2,Women,Great Lakes Valley Conference,Southwest Baptist,SB,Player,So.,So,"Salem, MO",Salem,MO,domestic,,0,https://www.sbubearcats.com/sports/beach-volleyball/roster/2026
bvb_17a7921b0a72,beach_volleyball,2025-26,2026,D2,Women,Southern Intercollegiate Athletic Conference,Spring Hill,"5'5""",Player,So.,So,"Fort Meyers, Fla.",Fort Meyers,FL,domestic,Bishop Verot Catholic,0,https://shcbadgers.com/sports/womens-beach-volleyball/roster/2026
bvb_e563c5dcabb3,beach_volleyball,2025-26,2026,D2,Women,Southern Intercollegiate Athletic Conference,Spring Hill,"5'10""",Player,So.,So,"Metairie, La.",Metairie,LA,domestic,Academy of the Sacred Heart New Orleans,1,https://shcbadgers.com/sports/womens-beach-volleyball/roster/2026
bvb_662d3f0609b8,beach_volleyball,2025-26,2026,D2,Women,Southern Intercollegiate Athletic Conference,Spring Hill,"5'8""",Player,Fr.,Fr,"Monticello, Fla.",Monticello,FL,domestic,Aucilla Christian,0,https://shcbadgers.com/sports/womens-beach-volleyball/roster/2026
bvb_f290c6a59c00,beach_volleyball,2025-26,2026,D2,Women,Southern Intercollegiate Athletic Conference,Spring Hill,"5'6""",Player,Jr.,Jr,"Cocoa Beach, Fla.",Cocoa Beach,FL,domestic,Cocoa Beach Senior HS,0,https://shcbadgers.com/sports/womens-beach-volleyball/roster/2026
bvb_2ad68f32cea9,beach_volleyball,2025-26,2026,D2,Women,Southern Intercollegiate Athletic Conference,Spring Hill,"5'6""",Player,Jr.,Jr,"Fairhope, Ala.",Fairhope,AL,domestic,Bayshore Christian,0,https://shcbadgers.com/sports/womens-beach-volleyball/roster/2026
bvb_9b9033ae5b20,beach_volleyball,2025-26,2026,D2,Women,Southern Intercollegiate Athletic Conference,Spring Hill,"5'5""",Player,Fr.,Fr,"Kenner, La.",Kenner,LA,domestic,Haynes Academy,1,https://shcbadgers.com/sports/womens-beach-volleyball/roster/2026
bvb_489ebd8a9e1a,beach_volleyball,2025-26,2026,D2,Women,Southern Intercollegiate Athletic Conference,Spring Hill,"6'1""",Player,Sr.,Sr,"Spring Hill, Kan.",Spring Hill,KS,domestic,Gardner Edgerton HS,0,https://shcbadgers.com/sports/womens-beach-volleyball/roster/2026
bvb_867108fc47b1,beach_volleyball,2025-26,2026,D2,Women,Southern Intercollegiate Athletic Conference,Spring Hill,"5'9""",Player,R-Sr.,Sr,"Diamondhead, Miss.",Diamondhead,MS,domestic,Hancock HS,0,https://shcbadgers.com/sports/womens-beach-volleyball/roster/2026
bvb_ad1b6c4e021a,beach_volleyball,2025-26,2026,D2,Women,Southern Intercollegiate Athletic Conference,Spring Hill,"5'8""",Player,R-Jr.,Jr,"Kenner, La.",Kenner,LA,domestic,Ursuline Academy,1,https://shcbadgers.com/sports/womens-beach-volleyball/roster/2026
bvb_7be4ae499268,beach_volleyball,2025-26,2026,D2,Women,Southern Intercollegiate Athletic Conference,Spring Hill,"5'7""",Player,So.,So,"Mobile, Ala.",Mobile,AL,domestic,St. Luke's Episcopal School,0,https://shcbadgers.com/sports/womens-beach-volleyball/roster/2026
bvb_e6b9c6f0383c,beach_volleyball,2025-26,2026,D2,Women,Southern Intercollegiate Athletic Conference,Spring Hill,"6'0""",Player,Gr.,Gr,"Daphne, Ala.",Daphne,AL,domestic,Helena HS,0,https://shcbadgers.com/sports/womens-beach-volleyball/roster/2026
bvb_8fd306d78274,beach_volleyball,2025-26,2026,D2,Women,Southern Intercollegiate Athletic Conference,Spring Hill,"5'11""",Player,R-Sr.,Sr,"Mobile, Ala.",Mobile,AL,domestic,Mary G. Montgomery HS,0,https://shcbadgers.com/sports/womens-beach-volleyball/roster/2026
bvb_a29abef59ef6,beach_volleyball,2025-26,2026,D2,Women,Southern Intercollegiate Athletic Conference,Spring Hill,"6'0""",Player,R-Jr.,Jr,"Auburn, Ala.",Auburn,AL,domestic,Auburn HS,0,https://shcbadgers.com/sports/womens-beach-volleyball/roster/2026
bvb_298cb84c0943,beach_volleyball,2025-26,2026,D2,Women,Southern Intercollegiate Athletic Conference,Spring Hill,"5'11""",Player,Gr.,Gr,"Fogelsville, Pa.",Fogelsville,PA,domestic,Allentown Central Catholic,0,https://shcbadgers.com/sports/womens-beach-volleyball/roster/2026
bvb_c1eb53cbf5fe,beach_volleyball,2025-26,2026,D2,Women,Southern Intercollegiate Athletic Conference,Spring Hill,"5'10""",Player,R-So.,So,"Downers Grove, Ill.",Downers Grove,IL,domestic,Downers Grove North,0,https://shcbadgers.com/sports/womens-beach-volleyball/roster/2026
bvb_2768972b1c3f,beach_volleyball,2025-26,2026,D2,Women,Southern Intercollegiate Athletic Conference,Spring Hill,"5'7""",Player,So.,So,"New Orleans, La.",New Orleans,LA,domestic,Isidore Newman School,0,https://shcbadgers.com/sports/womens-beach-volleyball/roster/2026
bvb_7b78cce18615,beach_volleyball,2025-26,2026,D2,Women,Southern Intercollegiate Athletic Conference,Spring Hill,"5'11""",Player,Sr.,Sr,"Robertsdale, Ala.",Robertsdale,AL,domestic,St. Michael Catholic,0,https://shcbadgers.com/sports/womens-beach-volleyball/roster/2026
bvb_7ce1b99794f7,beach_volleyball,2025-26,2026,D2,Women,Southern Intercollegiate Athletic Conference,Spring Hill,"5'8""",Player,Fr.,Fr,"Olive Branch, Miss.",Olive Branch,MS,domestic,Northport Christian,0,https://shcbadgers.com/sports/womens-beach-volleyball/roster/2026
bvb_d8a9456ff347,beach_volleyball,2025-26,2026,D2,Women,Southern Intercollegiate Athletic Conference,Spring Hill,"6'1""",Player,R-Sr.,Sr,"Robertsdale, Ala.",Robertsdale,AL,domestic,Robertsdale HS,0,https://shcbadgers.com/sports/womens-beach-volleyball/roster/2026
bvb_42838f4b99ac,beach_volleyball,2025-26,2026,D2,Women,Southern Intercollegiate Athletic Conference,Spring Hill,"5'11""",Player,Gr.,Gr,"Gallatin, Tenn.",Gallatin,TN,domestic,Christian Community Schools,0,https://shcbadgers.com/sports/womens-beach-volleyball/roster/2026
bvb_ace6f9e7fab8,beach_volleyball,2025-26,2026,D2,Women,Southern Intercollegiate Athletic Conference,Spring Hill,"5'8""",Player,So.,So,"Niceville, Fla.",Niceville,FL,domestic,Niceville HS,0,https://shcbadgers.com/sports/womens-beach-volleyball/roster/2026
bvb_78c46d311cd9,beach_volleyball,2025-26,2026,D2,Women,Southern Intercollegiate Athletic Conference,Spring Hill,"6'2""",Player,So.,So,"Greenville, Texas",Greenville,TX,domestic,Greenville HS,0,https://shcbadgers.com/sports/womens-beach-volleyball/roster/2026
bvb_f09c136b8869,beach_volleyball,2025-26,2026,D2,Women,Southern Intercollegiate Athletic Conference,Spring Hill,"5'9""",Player,So.,So,"Canaryville, Ill.",Canaryville,IL,domestic,De La Salle Institute,0,https://shcbadgers.com/sports/womens-beach-volleyball/roster/2026
bvb_95abe7e232ac,beach_volleyball,2025-26,2026,D2,Women,Southern Intercollegiate Athletic Conference,Spring Hill,"5'9""",Player,Fr.,Fr,"Tyrone, Ga.",Tyrone,GA,domestic,Trinity Christian,0,https://shcbadgers.com/sports/womens-beach-volleyball/roster/2026
bvb_9e1782e1de14,beach_volleyball,2025-26,2026,D2,Women,Southern Intercollegiate Athletic Conference,Spring Hill,"5'11""",Player,Sr.,Sr,"Benton, Ark.",Benton,AR,domestic,Benton HS,0,https://shcbadgers.com/sports/womens-beach-volleyball/roster/2026
bvb_c0f09547ab7a,beach_volleyball,2025-26,2026,D2,Women,Southern Intercollegiate Athletic Conference,Spring Hill,"5'6""",Player,R-Jr.,Jr,"Panama City, Fla.",Panama City,FL,domestic,Mosley HS,0,https://shcbadgers.com/sports/womens-beach-volleyball/roster/2026
bvb_67944d8b04ff,beach_volleyball,2025-26,2026,D2,Women,Southern Intercollegiate Athletic Conference,Spring Hill,"5'9""",Player,Fr.,Fr,"Peachtree City, Ga.",Peachtree City,GA,domestic,Trinity Christian,0,https://shcbadgers.com/sports/womens-beach-volleyball/roster/2026
bvb_8a48c6e31510,beach_volleyball,2025-26,2026,D2,Women,Southern Intercollegiate Athletic Conference,Spring Hill,"6'1""",Player,Fr.,Fr,"Montgomery, Ala.",Montgomery,AL,domestic,Montgomery Catholic,0,https://shcbadgers.com/sports/womens-beach-volleyball/roster/2026
bvb_5b7e238361fe,beach_volleyball,2025-26,2026,D2,Women,Southern Intercollegiate Athletic Conference,Spring Hill,,Player,Fr.,Fr,"Wichita, Kan.",Wichita,KS,domestic,Kapaun Mt. Carmel,0,https://shcbadgers.com/sports/womens-beach-volleyball/roster/2026
bvb_124a0a5b4720,beach_volleyball,2025-26,2026,D2,Women,Pacific West Conference,Vanguard,"5'6""",Player,Jr.,Jr,"Los Alamitos, CA",Los Alamitos,CA,domestic,Golden West,0,https://vanguardlions.com/sports/womens-beach-volleyball/roster/2026
bvb_127c40d3b128,beach_volleyball,2025-26,2026,D2,Women,Pacific West Conference,Vanguard,"5'6""",Player,So.,So,"Fresno, CA",Fresno,CA,domestic,Clovis North HS,0,https://vanguardlions.com/sports/womens-beach-volleyball/roster/2026
bvb_908f9d166eab,beach_volleyball,2025-26,2026,D2,Women,Pacific West Conference,Vanguard,"5'9""",Player,Gr.,Gr,"Huntington Beach, CA",Huntington Beach,CA,domestic,San Diego Christian,0,https://vanguardlions.com/sports/womens-beach-volleyball/roster/2026
bvb_c3acf885e5b6,beach_volleyball,2025-26,2026,D2,Women,Pacific West Conference,Vanguard,,Player,So.,So,"Sacramento, CA",Sacramento,CA,domestic,Folsom Lake CC,0,https://vanguardlions.com/sports/womens-beach-volleyball/roster/2026
bvb_bfdf28c0023f,beach_volleyball,2025-26,2026,D2,Women,Pacific West Conference,Vanguard,,Player,Jr.,Jr,"Huntington Beach, CA",Huntington Beach,CA,domestic,OCC,0,https://vanguardlions.com/sports/womens-beach-volleyball/roster/2026
bvb_d6e5298d14e6,beach_volleyball,2025-26,2026,D2,Women,Pacific West Conference,Vanguard,"5'7""",Player,Jr.,Jr,"Santa Ynez, CA",Santa Ynez,CA,domestic,Santa Ynez Valley Union HS,0,https://vanguardlions.com/sports/womens-beach-volleyball/roster/2026
bvb_2ddbbbebe0cf,beach_volleyball,2025-26,2026,D2,Women,Pacific West Conference,Vanguard,"5'8""",Player,Jr.,Jr,"Lincoln, CA",Lincoln,CA,domestic,Forest Lake Christian,0,https://vanguardlions.com/sports/womens-beach-volleyball/roster/2026
bvb_b7932fb34958,beach_volleyball,2025-26,2026,D2,Women,Pacific West Conference,Vanguard,"6'0""",Player,Jr.,Jr,"Las Vegas, NV",Las Vegas,NV,domestic,Coastal Carolina,0,https://vanguardlions.com/sports/womens-beach-volleyball/roster/2026
bvb_0848f7072cf5,beach_volleyball,2025-26,2026,D2,Women,Pacific West Conference,Vanguard,,Player,Jr.,Jr,"Ladera Ranch, CA",Ladera Ranch,CA,domestic,IVC,0,https://vanguardlions.com/sports/womens-beach-volleyball/roster/2026
bvb_602955ef33dd,beach_volleyball,2025-26,2026,D2,Women,Pacific West Conference,Vanguard,,Player,Jr.,Jr,"Corona, CA",Corona,CA,domestic,Riverside CC,0,https://vanguardlions.com/sports/womens-beach-volleyball/roster/2026
bvb_a8ed51f1774c,beach_volleyball,2025-26,2026,D2,Women,Pacific West Conference,Vanguard,,Player,Jr.,Jr,"San Diego, CA",San Diego,CA,domestic,San Diego Mesa CC,0,https://vanguardlions.com/sports/womens-beach-volleyball/roster/2026
bvb_9ada940e9ffa,beach_volleyball,2025-26,2026,D2,Women,Pacific West Conference,Vanguard,,Player,Jr.,Jr,"San Juan Capistrano, CA",San Juan Capistrano,CA,domestic,Southern New Hampshire,0,https://vanguardlions.com/sports/womens-beach-volleyball/roster/2026
bvb_3516e754731f,beach_volleyball,2025-26,2026,D2,Women,Pacific West Conference,Vanguard,"5'8""",Player,Gr.,Gr,"Placentia, CA",Placentia,CA,domestic,Saint Katherine,0,https://vanguardlions.com/sports/womens-beach-volleyball/roster/2026
bvb_540003bbc8e3,beach_volleyball,2025-26,2026,D2,Women,Pacific West Conference,Vanguard,"5'8""",Player,Jr.,Jr,"San Diego, CA",San Diego,CA,domestic,Heritage Christian,0,https://vanguardlions.com/sports/womens-beach-volleyball/roster/2026
bvb_781f51eef30b,beach_volleyball,2025-26,2026,D2,Women,Pacific West Conference,Vanguard,"5'10""",Player,Jr.,Jr,"Farmington, UT",Farmington,UT,domestic,Saint Katherine,0,https://vanguardlions.com/sports/womens-beach-volleyball/roster/2026
bvb_9ba833ca5c6f,beach_volleyball,2025-26,2026,D2,Women,Pacific West Conference,Vanguard,,Player,Jr.,Jr,"Hemet, CA",Hemet,CA,domestic,Mt. SAC,0,https://vanguardlions.com/sports/womens-beach-volleyball/roster/2026
bvb_6be6f61a38cd,beach_volleyball,2025-26,2026,D2,Women,Northern Sun Intercollegiate Conference,Wayne State Nebraska,"6'1""",Player,Jr.,Jr,"Eureka, Mo.",Eureka,MO,domestic,Nebraska-Kearney / Eureka HS,0,https://wscwildcats.com/sports/beach-volleyball/roster/2026
bvb_2e041ede58ac,beach_volleyball,2025-26,2026,D2,Women,Northern Sun Intercollegiate Conference,Wayne State Nebraska,"5'11""",Player,Jr.,Jr,"Missouri Valley, Iowa",Missouri Valley,IA,domestic,Missouri Valley HS,0,https://wscwildcats.com/sports/beach-volleyball/roster/2026
bvb_d45f946881f6,beach_volleyball,2025-26,2026,D2,Women,Northern Sun Intercollegiate Conference,Wayne State Nebraska,"5'4""",Player,Fr.,Fr,"Kaukauna, Wis.",Kaukauna,WI,domestic,Kaukauna HS,0,https://wscwildcats.com/sports/beach-volleyball/roster/2026
bvb_a05ad9b1cd9d,beach_volleyball,2025-26,2026,D2,Women,Northern Sun Intercollegiate Conference,Wayne State Nebraska,"5'11""",Player,Sr.,Sr,"Elkhorn, Neb.",Elkhorn,NE,domestic,Elkhorn HS,0,https://wscwildcats.com/sports/beach-volleyball/roster/2026
bvb_b65dc8114a21,beach_volleyball,2025-26,2026,D2,Women,Northern Sun Intercollegiate Conference,Wayne State Nebraska,"5'4""",Player,Jr.,Jr,"Elkhorn, Neb.",Elkhorn,NE,domestic,Elkhorn HS,0,https://wscwildcats.com/sports/beach-volleyball/roster/2026
bvb_592ad79dd589,beach_volleyball,2025-26,2026,D2,Women,Northern Sun Intercollegiate Conference,Wayne State Nebraska,"5'10""",Player,So.,So,"Overton, Neb.",Overton,NE,domestic,Overton HS,0,https://wscwildcats.com/sports/beach-volleyball/roster/2026
bvb_6f97f1f17cfd,beach_volleyball,2025-26,2026,D2,Women,Northern Sun Intercollegiate Conference,Wayne State Nebraska,"5'10""",Player,Jr.,Jr,"Norfolk, Neb.",Norfolk,NE,domestic,Norfolk Catholic,0,https://wscwildcats.com/sports/beach-volleyball/roster/2026
bvb_15172d6f6038,beach_volleyball,2025-26,2026,D2,Women,Northern Sun Intercollegiate Conference,Wayne State Nebraska,"5'9""",Player,Jr.,Jr,"Council Bluffs, Iowa",Council Bluffs,IA,domestic,Abraham Lincoln HS,0,https://wscwildcats.com/sports/beach-volleyball/roster/2026
bvb_d46da1e1b824,beach_volleyball,2025-26,2026,D2,Women,Northern Sun Intercollegiate Conference,Wayne State Nebraska,"6'0""",Player,Fr.,Fr,"Minden, Neb.",Minden,NE,domestic,Minden HS,0,https://wscwildcats.com/sports/beach-volleyball/roster/2026
bvb_3a7cce32109b,beach_volleyball,2025-26,2026,D2,Women,Northern Sun Intercollegiate Conference,Wayne State Nebraska,"5'10""",Player,Fr.,Fr,"Ankeny, Iowa",Ankeny,IA,domestic,Centennial HS,0,https://wscwildcats.com/sports/beach-volleyball/roster/2026
bvb_83d7e85d6508,beach_volleyball,2025-26,2026,D2,Women,Northern Sun Intercollegiate Conference,Wayne State Nebraska,"5'4""",Player,So.,So,"Waterloo, Neb.",Waterloo,NE,domestic,Douglas County West HS,0,https://wscwildcats.com/sports/beach-volleyball/roster/2026
bvb_81d1384b00c6,beach_volleyball,2025-26,2026,D2,Women,Northern Sun Intercollegiate Conference,Wayne State Nebraska,"6'0""",Player,So.,So,"Clarkson, Neb.",Clarkson,NE,domestic,Clarkson-Leigh HS,0,https://wscwildcats.com/sports/beach-volleyball/roster/2026
bvb_0ff6bd6e4b12,beach_volleyball,2025-26,2026,D2,Women,Northern Sun Intercollegiate Conference,Wayne State Nebraska,"5'9""",Player,So.,So,"Denver, Iowa",Denver,IA,domestic,Denver Senior HS,0,https://wscwildcats.com/sports/beach-volleyball/roster/2026
bvb_f74d55d1e5f8,beach_volleyball,2025-26,2026,D2,Women,South Atlantic Conference,Wingate,D,Player,So.,So,"Viera, Fla.",Viera,FL,domestic,Viera HS,0,https://wingatebulldogs.com/sports/beach-volleyball/roster/2026
bvb_d876c7729b0f,beach_volleyball,2025-26,2026,D2,Women,South Atlantic Conference,Wingate,D,Player,So.,So,"St. Augustine, Fla.",St. Augustine,FL,domestic,Bartram Trail HS,0,https://wingatebulldogs.com/sports/beach-volleyball/roster/2026
bvb_205478c03151,beach_volleyball,2025-26,2026,D2,Women,South Atlantic Conference,Wingate,Defender,Player,Fr.,Fr,"Lynchburg, Va.",Lynchburg,VA,domestic,Heritage HS,0,https://wingatebulldogs.com/sports/beach-volleyball/roster/2026
bvb_4ad9ddb867ba,beach_volleyball,2025-26,2026,D2,Women,South Atlantic Conference,Wingate,D/S,Player,Sr.,Sr,"N. Myrtle Beach, S.C.",N. Myrtle Beach,SC,domestic,Wallace Rose Hill HS,0,https://wingatebulldogs.com/sports/beach-volleyball/roster/2026
bvb_f8705a462c19,beach_volleyball,2025-26,2026,D2,Women,South Atlantic Conference,Wingate,D,Player,So.,So,"Orange Park, Fla.",Orange Park,FL,domestic,Middleburg HS,0,https://wingatebulldogs.com/sports/beach-volleyball/roster/2026
bvb_6aa78b42e2c6,beach_volleyball,2025-26,2026,D2,Women,South Atlantic Conference,Wingate,S,Player,So.,So,"Davidson, N.C.",Davidson,NC,domestic,William Amos Hough HS,0,https://wingatebulldogs.com/sports/beach-volleyball/roster/2026
bvb_e44485d86bf0,beach_volleyball,2025-26,2026,D2,Women,South Atlantic Conference,Wingate,D,Player,Fr.,Fr,"Bel Air, Md.",Bel Air,MD,domestic,Paterson Mill HS,0,https://wingatebulldogs.com/sports/beach-volleyball/roster/2026
bvb_348e96355840,beach_volleyball,2025-26,2026,D2,Women,South Atlantic Conference,Wingate,S,Player,Sr.,Sr,"Placerville, Calif.",Placerville,CA,domestic,Eldorado HS,0,https://wingatebulldogs.com/sports/beach-volleyball/roster/2026
bvb_9f1a6c2943f2,beach_volleyball,2025-26,2026,D2,Women,South Atlantic Conference,Wingate,D,Player,Sr.,Sr,"Lumberton, N.C.",Lumberton,NC,domestic,Fairmont HS,0,https://wingatebulldogs.com/sports/beach-volleyball/roster/2026
bvb_de4d6177ad6f,beach_volleyball,2025-26,2026,D2,Women,South Atlantic Conference,Wingate,D,Player,Fr.,Fr,"Medina, Ohio",Medina,OH,domestic,Archbishop Hoban HS,0,https://wingatebulldogs.com/sports/beach-volleyball/roster/2026
bvb_f37339b9d361,beach_volleyball,2025-26,2026,D2,Women,South Atlantic Conference,Wingate,D/S,Player,Sr.,Sr,"Cartersville, Ga.",Cartersville,GA,domestic,Cartersville HS,0,https://wingatebulldogs.com/sports/beach-volleyball/roster/2026
bvb_ffa4e41e1764,beach_volleyball,2025-26,2026,D2,Women,South Atlantic Conference,Wingate,D,Player,Sr.,Sr,"Waterford, Mich.",Waterford,MI,domestic,Waterford Kettering HS,0,https://wingatebulldogs.com/sports/beach-volleyball/roster/2026
bvb_4e273f4d8681,beach_volleyball,2025-26,2026,D2,Women,South Atlantic Conference,Wingate,D/S,Player,Sr.,Sr,"Hyeres, France",Hyeres,,international,Françoise Combes,0,https://wingatebulldogs.com/sports/beach-volleyball/roster/2026
bvb_ba3be7e9a9e1,beach_volleyball,2025-26,2026,D2,Women,South Atlantic Conference,Wingate,Blocker,Player,Fr.,Fr,"Trinity, N.C.",Trinity,NC,domestic,Southwestern Randolph HS,0,https://wingatebulldogs.com/sports/beach-volleyball/roster/2026
bvb_265246bdc3fc,beach_volleyball,2025-26,2026,D2,Women,South Atlantic Conference,Wingate,D,Player,So.,So,"Ronda, N.C.",Ronda,NC,domestic,East Wilkes HS,0,https://wingatebulldogs.com/sports/beach-volleyball/roster/2026
bvb_09fb271575ea,beach_volleyball,2025-26,2026,D2,Women,South Atlantic Conference,Wingate,Blocker,Player,Fr.,Fr,"Issaquah, Wash.",Issaquah,WA,domestic,Issaquah HS,0,https://wingatebulldogs.com/sports/beach-volleyball/roster/2026
bvb_c46e556a84ad,beach_volleyball,2025-26,2026,D2,Women,South Atlantic Conference,Wingate,Split,Player,Gr.,Gr,"Mint Hill, N.C.",Mint Hill,NC,domestic,Piedmont HS,0,https://wingatebulldogs.com/sports/beach-volleyball/roster/2026
bvb_fb4ff74fc7c7,beach_volleyball,2025-26,2026,D2,Women,South Atlantic Conference,Wingate,Blocker,Player,Jr.,Jr,"San Diego, Calif",San Diego,CA,domestic,Christian HS,0,https://wingatebulldogs.com/sports/beach-volleyball/roster/2026
bvb_35ebf13783e9,beach_volleyball,2025-26,2026,D2,Women,Rocky Mountain Athletic Conference,Colorado Mesa,Defender,Player,Fr.,Fr,"Erie, Colo.",Erie,CO,domestic,Erie,0,https://cmumavericks.com/sports/womens-beach-volleyball/roster/2025-26
bvb_15d66e34c949,beach_volleyball,2025-26,2026,D2,Women,Rocky Mountain Athletic Conference,Colorado Mesa,Defender,Player,Fr.,Fr,"Liberty Lake, Wash.",Liberty Lake,WA,domestic,Ridgeline,0,https://cmumavericks.com/sports/womens-beach-volleyball/roster/2025-26
bvb_95fc67ada5ed,beach_volleyball,2025-26,2026,D2,Women,Rocky Mountain Athletic Conference,Colorado Mesa,Blocker,Player,R-So.,So,"Madison, Wisc.",Madison,WI,domestic,Oregon,0,https://cmumavericks.com/sports/womens-beach-volleyball/roster/2025-26
bvb_b6d62ac13f13,beach_volleyball,2025-26,2026,D2,Women,Rocky Mountain Athletic Conference,Colorado Mesa,Defender,Player,R-Sr.,Sr,"Johnson, Ark.",Johnson,AR,domestic,Fayetteville,0,https://cmumavericks.com/sports/womens-beach-volleyball/roster/2025-26
bvb_622b8d2cf7e5,beach_volleyball,2025-26,2026,D2,Women,Rocky Mountain Athletic Conference,Colorado Mesa,Blocker,Player,Jr.,Jr,"Minden, Nev.",Minden,NV,domestic,Douglas County,0,https://cmumavericks.com/sports/womens-beach-volleyball/roster/2025-26
bvb_d8a82f3428c5,beach_volleyball,2025-26,2026,D2,Women,Rocky Mountain Athletic Conference,Colorado Mesa,Split,Player,Fr.,Fr,"Durango, Colo.",Durango,CO,domestic,Durango,0,https://cmumavericks.com/sports/womens-beach-volleyball/roster/2025-26
bvb_7fe49212e987,beach_volleyball,2025-26,2026,D2,Women,Rocky Mountain Athletic Conference,Colorado Mesa,Split,Player,So.,So,"Columbus, Ohio",Columbus,OH,domestic,Upper Arlington,0,https://cmumavericks.com/sports/womens-beach-volleyball/roster/2025-26
bvb_cba994df8c99,beach_volleyball,2025-26,2026,D2,Women,Rocky Mountain Athletic Conference,Colorado Mesa,Split,Player,So.,So,"Aurora, Colo.",Aurora,CO,domestic,Grandview,0,https://cmumavericks.com/sports/womens-beach-volleyball/roster/2025-26
bvb_449e744231b9,beach_volleyball,2025-26,2026,D2,Women,Rocky Mountain Athletic Conference,Colorado Mesa,Split,Player,Jr.,Jr,"Parker, Colo.",Parker,CO,domestic,Legend,0,https://cmumavericks.com/sports/womens-beach-volleyball/roster/2025-26
bvb_066b0ac51a31,beach_volleyball,2025-26,2026,D2,Women,Rocky Mountain Athletic Conference,Colorado Mesa,Split,Player,R-Jr.,Jr,"Chicago, Ill.",Chicago,IL,domestic,Marian Central,0,https://cmumavericks.com/sports/womens-beach-volleyball/roster/2025-26
bvb_648152726373,beach_volleyball,2025-26,2026,D2,Women,Rocky Mountain Athletic Conference,Colorado Mesa,Blocker,Player,Jr.,Jr,"Oxford, Mich.",Oxford,MI,domestic,Oxford,0,https://cmumavericks.com/sports/womens-beach-volleyball/roster/2025-26
bvb_441d086301fd,beach_volleyball,2025-26,2026,D2,Women,Rocky Mountain Athletic Conference,Colorado Mesa,Split,Player,Fr.,Fr,"Palisade, Colo",Palisade,CO,domestic,Palisade,0,https://cmumavericks.com/sports/womens-beach-volleyball/roster/2025-26
bvb_9c791e001428,beach_volleyball,2025-26,2026,D2,Women,Rocky Mountain Athletic Conference,Colorado Mesa,Blocker,Player,R-Sr.,Sr,"Ozark, Mo.",Ozark,MO,domestic,Ozark,0,https://cmumavericks.com/sports/womens-beach-volleyball/roster/2025-26
bvb_4ceae3a5a4ee,beach_volleyball,2025-26,2026,D2,Women,Rocky Mountain Athletic Conference,Colorado Mesa,Split,Player,So.,So,"Kasson, Minn.",Kasson,MN,domestic,Kasson-Mantorville,0,https://cmumavericks.com/sports/womens-beach-volleyball/roster/2025-26
bvb_d23d9e42a3c6,beach_volleyball,2025-26,2026,D2,Women,Rocky Mountain Athletic Conference,Colorado Mesa,Split,Player,So.,So,"Parker, Colo.",Parker,CO,domestic,Elizabeth,0,https://cmumavericks.com/sports/womens-beach-volleyball/roster/2025-26
bvb_d40cc9280582,beach_volleyball,2025-26,2026,D2,Women,Rocky Mountain Athletic Conference,Colorado Mesa,Defender,Player,So.,So,"Castle Pines, Colo.",Castle Pines,CO,domestic,Rock Canyon,0,https://cmumavericks.com/sports/womens-beach-volleyball/roster/2025-26
bvb_4345e62fd2a7,beach_volleyball,2025-26,2026,D2,Women,Rocky Mountain Athletic Conference,Colorado Mesa,Split,Player,R-Jr.,Jr,"Otsego, Minn.",Otsego,MN,domestic,St. Michael Albertville,0,https://cmumavericks.com/sports/womens-beach-volleyball/roster/2025-26
bvb_158a4e083e30,beach_volleyball,2025-26,2026,D2,Women,Rocky Mountain Athletic Conference,Colorado Mesa,Blocker,Player,Jr.,Jr,"Frankfort, Ill.",Frankfort,IL,domestic,Lincoln-Way East,0,https://cmumavericks.com/sports/womens-beach-volleyball/roster/2025-26
bvb_a8f31a199e03,beach_volleyball,2025-26,2026,D2,Women,Rocky Mountain Athletic Conference,Colorado Mesa,Split,Player,Fr.,Fr,"Loveland, Colo.",Loveland,CO,domestic,Rocky Mountain,0,https://cmumavericks.com/sports/womens-beach-volleyball/roster/2025-26
bvb_5ffb8d6f84ab,beach_volleyball,2025-26,2026,D2,Women,Rocky Mountain Athletic Conference,Colorado Mesa,Split,Player,So.,So,"Saint Joseph, Mich.",Saint Joseph,MI,domestic,Saint Joseph,0,https://cmumavericks.com/sports/womens-beach-volleyball/roster/2025-26
bvb_31e00d7ca8e5,beach_volleyball,2025-26,2026,D2,Women,Rocky Mountain Athletic Conference,Colorado Mesa,Blocker/Split,Player,Gr.,Gr,"Justice, Ill.",Justice,IL,domestic,Marist,0,https://cmumavericks.com/sports/womens-beach-volleyball/roster/2025-26
bvb_e81e290baf34,beach_volleyball,2025-26,2026,D2,Women,Rocky Mountain Athletic Conference,Colorado Mesa,Defender,Player,Fr.,Fr,"Thornton, Colo.",Thornton,CO,domestic,Legacy,0,https://cmumavericks.com/sports/womens-beach-volleyball/roster/2025-26
